[{"pk": "29zik6ldww27kehnsg9a9v873peuguy1", "model": "sessions.session", "fields": {"expire_date": "2013-07-08T17:01:17", "session_data": "NWI4ODA2ZWM2ZTM4YjM2MDgzZWJkNTk3MWRlMWRmZDQ4NTcwM2I3MjqAAn1xAShVEl9hdXRoX3VzZXJfYmFja2VuZHECVSlkamFuZ28uY29udHJpYi5hdXRoLmJhY2tlbmRzLk1vZGVsQmFja2VuZHEDVQ1fYXV0aF91c2VyX2lkcQSKAQF1Lg=="}}, {"pk": "5otcv3ov9tmetkvznbdl0wqg4mfvzkc2", "model": "sessions.session", "fields": {"expire_date": "2013-07-05T16:22:03", "session_data": "NTg1OTBhZDA1NDYyOGUyMjhhZjlhNWE5NTljY2NkZTk2YmMxNWUwNDqAAn1xAShVEl9hdXRoX3VzZXJfYmFja2VuZHECVSlkamFuZ28uY29udHJpYi5hdXRoLmJhY2tlbmRzLk1vZGVsQmFja2VuZHEDVQ1fYXV0aF91c2VyX2lkcQRLAXUu"}}, {"pk": "ezdexmr0pbwqtcnss8igotvxa6efltr7", "model": "sessions.session", "fields": {"expire_date": "2013-07-05T15:28:14", "session_data": "NTg1OTBhZDA1NDYyOGUyMjhhZjlhNWE5NTljY2NkZTk2YmMxNWUwNDqAAn1xAShVEl9hdXRoX3VzZXJfYmFja2VuZHECVSlkamFuZ28uY29udHJpYi5hdXRoLmJhY2tlbmRzLk1vZGVsQmFja2VuZHEDVQ1fYXV0aF91c2VyX2lkcQRLAXUu"}}, {"pk": "ongq5q88eamj3c2lrnjbqxt4nurq2zg4", "model": "sessions.session", "fields": {"expire_date": "2013-07-07T16:50:48", "session_data": "NTg1OTBhZDA1NDYyOGUyMjhhZjlhNWE5NTljY2NkZTk2YmMxNWUwNDqAAn1xAShVEl9hdXRoX3VzZXJfYmFja2VuZHECVSlkamFuZ28uY29udHJpYi5hdXRoLmJhY2tlbmRzLk1vZGVsQmFja2VuZHEDVQ1fYXV0aF91c2VyX2lkcQRLAXUu"}}, {"pk": 1, "model": "sites.site", "fields": {"domain": "example.com", "name": "example.com"}}, {"pk": 1, "model": "gcm.device", "fields": {"dev_id": "675d41bb83ffc0b4", "name": null, "modified_date": "2013-06-23T17:13:03", "is_active": true, "creation_date": "2013-06-23T17:13:03", "reg_id": "APA91bGl-nKeHluga3BFnUplzwR5eFzssytnqToOyQzjOGlTBL5LQ9XKBrsTVd1FJJVRfm1Kj2g3rUFuc60l2xISRhEmq0H7CvO7DRfQiy6v6s0bV3SXasvWmyuGW37mih8SVZP8__sDDGfZtkqoNYOxpOUvpTXItIsY2s51Zd8MvArDEmF2Zpg"}}, {"pk": "1328f2ff75a5a7277ae0e5385407f023", "model": "server.participantexchangeemailrelationship", "fields": {"participant_sent_request": "luisjorge", "participant_received_request": "joaolourenco"}}, {"pk": "15658195d3ea2e002ce956e482244667", "model": "server.participantexchangeemailrelationship", "fields": {"participant_sent_request": "luisjorge", "participant_received_request": "joaolourenco"}}, {"pk": "73c8810a991fbd415e7cf0043ff8c599", "model": "server.participantexchangeemailrelationship", "fields": {"participant_sent_request": "luisjorge", "participant_received_request": "joaolourenco"}}, {"pk": "e89cc585c2661456091a230e46d91beb", "model": "server.participantexchangeemailrelationship", "fields": {"participant_sent_request": "luisjorge", "participant_received_request": "joaolourenco"}}, {"pk": 1, "model": "server.contact", "fields": {}}, {"pk": 2, "model": "server.contact", "fields": {}}, {"pk": 3, "model": "server.contact", "fields": {}}, {"pk": 4, "model": "server.contact", "fields": {}}, {"pk": 5, "model": "server.contact", "fields": {}}, {"pk": 6, "model": "server.contact", "fields": {}}, {"pk": "Almada", "model": "server.city", "fields": {"photo": "city/images.jpg", "description": "Almada \u00e9 um concelho portugu\u00eas pertencente ao Distrito de Set\u00fabal, regi\u00e3o de Lisboa e sub-regi\u00e3o da Pen\u00ednsula de Set\u00fabal, sendo a sexta cidade mais populosa de Portugal, com cerca de 174 030 habitantes.2\r\nAlmada \u00e9 sede do munic\u00edpio com 70,2 km\u00b2 de \u00e1rea e 174 030 habitantes (2011),2 subdividido em 11 freguesias. Algumas das freguesias que fazem parte da cidade de Almada s\u00e3o o Feij\u00f3, Cacilhas, Cova da Piedade, Almada, Laranjeiro e Pragal, que constituem uma \u00e1rea urbana de 13,74 km\u00b2. O munic\u00edpio \u00e9 limitado a leste pelo munic\u00edpio do Seixal e a sul por Sesimbra, e possui uma longa costa a oeste para o Oceano Atl\u00e2ntico, e a norte e nordeste abre-se para o Estu\u00e1rio do Tejo, frente aos munic\u00edpios de Lisboa e Oeiras. O rio Tejo, o maior da Pen\u00ednsula Ib\u00e9rica desagua entre Almada e Oeiras.\r\nO concelho recebeu foral de Dom Sancho I em 1190. Almada foi elevada \u00e0 categoria de cidade em 1973. Outra localidade do munic\u00edpio de Almada com estatuto de cidade \u00e9 a Costa da Caparica, esta elevada a cidade em 2004."}}, {"pk": 1, "model": "server.sight", "fields": {"city": "Almada", "description": "O Lisboa Almada Hotel \u00e9 um Hotel moderno, de Quatro Estrelas, que possui liga\u00e7\u00f5es privilegiadas a Lisboa - encontra-se literalmente a 2 minutos da Ponte 25 de Abril, que d\u00e1 acesso a Lisboa, e apenas a 20 minutos do Aeroporto da Portela.\r\n\r\n \r\n\r\nInaugurado em 2010, o L.A.H. tem como sua chancela a elevada qualidade e standard do seu servi\u00e7o e instala\u00e7\u00f5es, dispondo de 106 quartos, dos quais 16 Executive e 90 Classic.\r\n\r\n \r\n\r\nO Lisboa Almada Hotel \u00e9 o ponto de partida ideal para que possa disfrutar das bel\u00edssimas praias da Costa da Caparica (a 7 minutos) e das \u00e1guas cristalinas das praias de Sesimbra (a 25 minutos). Fica ainda a uma curta dist\u00e2ncia a p\u00e9 do Santu\u00e1rio do Cristo Rei e a muitos outros pontos de interesse cultural que tornar\u00e3o a sua estadia simplesmente inesquec\u00edvel.\r\n\r\n \r\n\r\nNo Restaurante Mood o Chef Ant\u00f3nio Latas promete despertar o seu paladar com a Cozinha de Autor e no Restaurante Sushic o Chef M\u00e1rio Ribeiro oferece-lhe uma inesquec\u00edvel viagem pelos sabores japoneses\u2026 com um toque de fus\u00e3o.\r\n\r\n \r\n\r\nEm todos os quartos e locais do Hotel, o H\u00f3spede tem acesso gratuito \u00e0 Internet WI-FI assim como uma vasta gama de equipamentos projectados para garantir o seu maior conforto e bem-estar. O L.A.H. possui ainda um parque de estacionamento interior completamente gratuito para os seus H\u00f3spedes.", "photo": "", "longitude": "-9.1711090000", "address": "Almada", "latitude": "38.6713720000", "name": "Lisboa Almada Hotel"}}, {"pk": 2, "model": "server.sight", "fields": {"city": "Almada", "description": "\r\n\r\nO Restaurante Solar Beir\u00e3o localiza-se em Cacilhas e foi fundado em 1968, por um senhor natural da Beira - da\u00ed a origem do nome \u201cSolar Beir\u00e3o\u201d, come\u00e7ando por ser um pequeno e acolhedor restaurante, com apenas 48 lugares.\r\n\r\nEm 1992 foi adquirido pela actual ger\u00eancia, que posteriormente, devido \u00e0 elevada aflu\u00eancia de clientes, sentiu necessidade de inovar, pelo que em 2000 foram efectuadas obras, construindo um novo restaurante de raiz com capacidade para 120 pessoas, reunindo agora todas as condi\u00e7\u00f5es necess\u00e1rias para poder prestar um servi\u00e7o de qualidade aos seus clientes.", "photo": "", "longitude": "-9.1482440000", "address": "Rua C\u00e2ndido dos Reis", "latitude": "38.6870000000", "name": "Solar Beir\u00e3o"}}, {"pk": 1, "model": "server.hotel", "fields": {"phone_number": "12313129", "stars": 4}}, {"pk": 2, "model": "server.restaurant", "fields": {"phone_number": "212766019"}}, {"pk": 1, "model": "server.conference", "fields": {"website": "http://inforum.org.pt/INForum2012", "city": "Almada", "name": "INForum 2012", "photo": "conference_logos/inforum_logo_2.jpg", "longitude": "-9.2043970000", "edition": 4, "beginning_date": "2012-09-05", "ending_date": "2012-09-08", "place": "Faculdade de Ci\u00eancias e Tecnologia\r\n2829-516 Caparica\r\nPortugal", "latitude": "38.6609510000", "description": "A Inform\u00e1tica em Portugal \u00e9 uma \u00e1rea acad\u00e9mica e cient\u00edfica consolidada, com cursos de licenciatura e p\u00f3s-gradua\u00e7\u00e3o em praticamente todas as institui\u00e7\u00f5es de ensino superior do pa\u00eds e com um n\u00famero consider\u00e1vel de unidades de investiga\u00e7\u00e3o reconhecidas pela FCT. \u00c9 igualmente uma \u00e1rea na qual v\u00e1rias empresas nacionais apresentam resultados de I&D de grande relev\u00e2ncia internacional.\r\n\r\nO INForum tem como objectivo ser um evento privilegiado de reuni\u00e3o da comunidade nacional nas diversas vertentes da inform\u00e1tica e ambiciona ser o f\u00f3rum de elei\u00e7\u00e3o para a divulga\u00e7\u00e3o, discuss\u00e3o e reconhecimento de trabalhos cient\u00edficos. O INForum surge com particular oportunidade como palco para a estreia de jovens investigadores que buscam a divulga\u00e7\u00e3o, a cr\u00edtica construtiva e o encorajamento ao seu trabalho.\r\n\r\nO INForum pretende ser abrangente e din\u00e2mico no conjunto de t\u00f3picos abordados. Apresentar\u00e1 um conjunto de t\u00f3picos propostos e seleccionados anualmente, com sess\u00f5es organizadas e realizadas de forma independente. Promove-se assim a massa cr\u00edtica para o fortalecimento e evolu\u00e7\u00e3o da inform\u00e1tica no pa\u00eds criando-se, simultaneamente, espa\u00e7o \u00e0 evolu\u00e7\u00e3o do contexto da confer\u00eancia e fomentando a reuni\u00e3o de investigadores em \u00e1reas emergentes."}}, {"pk": 2, "model": "server.conference", "fields": {"website": "http://inforum.org.pt/INForum2013", "city": "Almada", "name": "test", "photo": "conference_logos/images_1_1.jpg", "longitude": "20.0000000000", "edition": 3, "beginning_date": "2013-06-11", "ending_date": "2013-06-11", "place": "asdadasd", "latitude": "10.0000000000", "description": "asdasdasdasd"}}, {"pk": 3, "model": "server.conference", "fields": {"website": "http://teste.pt/", "city": "Almada", "name": "Teste2", "photo": "conference_logos/images_3.jpg", "longitude": "12.0000000000", "edition": 1, "beginning_date": "2013-06-13", "ending_date": "2013-06-13", "place": "dasdasdasd", "latitude": "12.0000000000", "description": "asdadasd"}}, {"pk": 4, "model": "server.conference", "fields": {"website": "http://teste.com/", "city": "Almada", "name": "Teste3", "photo": "conference_logos/Capture.JPG", "longitude": "14.0000000000", "edition": 2, "beginning_date": "2013-06-13", "ending_date": "2013-06-13", "place": "asdasdasd", "latitude": "14.0000000000", "description": "asdasdasd"}}, {"pk": 2, "model": "server.event", "fields": {"conference": 1, "title": "Abertura+Sess\u00e3o Turing", "last_modified_date": "2013-06-24T17:30:48", "place": "Sala 201 Edif\u00edcio 4", "time": "2012-09-06T12:45:00", "duration": 75}}, {"pk": 3, "model": "server.event", "fields": {"conference": 1, "title": "Computa\u00e7\u00e3o Paralela, Distribu\u00edda e de Larga Escala 1", "last_modified_date": null, "place": "Sala 201 Edif\u00edcio 4", "time": "2012-09-06T10:00:00", "duration": 120}}, {"pk": 4, "model": "server.event", "fields": {"conference": 1, "title": "Seguran\u00e7a de Sistemas de Computadores e Comunica\u00e7\u00f5es", "last_modified_date": null, "place": "Sala 202 Edif\u00edcio 4", "time": "2012-09-06T10:00:00", "duration": 120}}, {"pk": 5, "model": "server.event", "fields": {"conference": 1, "title": "Computa\u00e7\u00e3o M\u00f3vel e Ub\u00edqua 1", "last_modified_date": "2013-06-24T17:30:16", "place": "Sala 203 Edif\u00edcio 4", "time": "2012-09-06T14:00:00", "duration": 120}}, {"pk": 7, "model": "server.event", "fields": {"conference": 1, "title": "Computa\u00e7\u00e3o Paralela, Distribu\u00edda e de Larga Escala 2", "last_modified_date": "2013-06-24T17:29:52", "place": "Sala 201 Edif\u00edcio 4", "time": "2012-09-06T16:30:00", "duration": 90}}, {"pk": 8, "model": "server.event", "fields": {"conference": 1, "title": "Sistemas Embebidos e de Tempo-Real 1", "last_modified_date": "2013-06-24T17:29:43", "place": "Sala 202 Edif\u00edcio 4", "time": "2012-09-06T16:30:00", "duration": 60}}, {"pk": 9, "model": "server.event", "fields": {"conference": 1, "title": "Ci\u00eancia e Engenharia do Software 1", "last_modified_date": "2013-06-24T17:29:25", "place": "Sala 203 Edif\u00edcio 4", "time": "2012-09-06T16:30:00", "duration": 90}}, {"pk": 14, "model": "server.event", "fields": {"conference": 1, "title": "Computa\u00e7\u00e3o Paralela, Distribu\u00edda e de Larga Escala 3", "last_modified_date": "2013-06-23T17:14:25", "place": "Sala 201 Edif\u00edcio 4", "time": "2012-09-07T10:30:00", "duration": 90}}, {"pk": 15, "model": "server.event", "fields": {"conference": 1, "title": "Sistemas Embebidos e de Tempo-Real 2", "last_modified_date": "2013-06-24T17:28:01", "place": "Sala 202 Edif\u00edcio 4", "time": "2012-09-07T10:30:00", "duration": 90}}, {"pk": 16, "model": "server.event", "fields": {"conference": 1, "title": "Ci\u00eancia e Engenharia de Software 2", "last_modified_date": "2013-06-24T17:27:50", "place": "Sala 203 Edif\u00edcio 4", "time": "2012-09-07T10:30:00", "duration": 75}}, {"pk": 18, "model": "server.event", "fields": {"conference": 1, "title": "Sess\u00e3o de Posters", "last_modified_date": "2013-06-24T17:27:24", "place": "Sala 205 Edif\u00edcio 4", "time": "2012-09-07T12:00:00", "duration": 60}}, {"pk": 19, "model": "server.event", "fields": {"conference": 1, "title": "Jos\u00e9 Luiz Fiadeiro (Royal Holloway, University of London)", "last_modified_date": "2013-06-24T17:27:15", "place": "Sala 201 Edif\u00edcio 4", "time": "2012-09-07T13:00:00", "duration": 60}}, {"pk": 20, "model": "server.event", "fields": {"conference": 1, "title": "Computa\u00e7\u00e3o M\u00f3vel e Ub\u00edqua 2", "last_modified_date": "2013-06-24T17:27:01", "place": "Sala 201 Edif\u00edcio 4", "time": "2012-09-07T14:00:00", "duration": 120}}, {"pk": 21, "model": "server.event", "fields": {"conference": 1, "title": "Internet das Coisas e Servi\u00e7os", "last_modified_date": "2013-06-24T17:26:50", "place": "Sala 202 Edif\u00edcio 4", "time": "2012-09-07T14:00:00", "duration": 120}}, {"pk": 23, "model": "server.event", "fields": {"conference": 1, "title": "Computa\u00e7\u00e3o Paralela, Distribu\u00edda e de Larga Escala 4", "last_modified_date": "2013-06-24T17:25:45", "place": "Sala 201 Edif\u00edcio 4", "time": "2012-09-07T16:30:00", "duration": 75}}, {"pk": 24, "model": "server.event", "fields": {"conference": 1, "title": "Ci\u00eancia e Engenharia de Software", "last_modified_date": "2013-06-24T17:25:30", "place": "Sala 202 Edif\u00edcio 4", "time": "2012-09-06T16:30:00", "duration": 90}}, {"pk": 25, "model": "server.event", "fields": {"conference": 1, "title": "Lorenzo Alvisi (UT Austin)", "last_modified_date": "2013-06-24T17:23:38", "place": "Sala 201 Edif\u00edcio 4", "time": "2012-09-07T09:00:00", "duration": 60}}, {"pk": 26, "model": "server.event", "fields": {"conference": 1, "title": "Ideas, Inventions, Innovations - Maturity of Research Systems", "last_modified_date": null, "place": "Sala 201 Edificio 4", "time": "2012-09-07T14:00:00", "duration": 120}}, {"pk": 27, "model": "server.event", "fields": {"conference": 1, "title": "The Publication Game", "last_modified_date": null, "place": "Sala 201 Edificio 4", "time": "2012-09-07T12:00:00", "duration": 120}}, {"pk": 28, "model": "server.event", "fields": {"conference": 1, "title": "Eating frogs, getting things done, juggling elephants... and other thoughts on Time Management", "last_modified_date": null, "place": "Sala 201 Edificio 4", "time": "2012-09-06T15:00:00", "duration": 120}}, {"pk": 29, "model": "server.event", "fields": {"conference": 1, "title": "Almo\u00e7o+Registo", "last_modified_date": "2013-06-24T17:32:06", "place": "Entrada Edif\u00edcio 4", "time": "2012-09-06T12:00:00", "duration": 60}}, {"pk": 30, "model": "server.event", "fields": {"conference": 1, "title": "Pausa para caf\u00e9", "last_modified_date": "2013-06-24T17:32:28", "place": "Entrada Edif\u00edcio 4", "time": "2012-09-06T16:00:00", "duration": 30}}, {"pk": 31, "model": "server.event", "fields": {"conference": 1, "title": "Reuni\u00e3o", "last_modified_date": "2013-06-24T17:32:45", "place": "Entrada Edif\u00edcio 4", "time": "2012-09-06T18:00:00", "duration": 60}}, {"pk": 32, "model": "server.event", "fields": {"conference": 1, "title": "Jantar", "last_modified_date": "2013-06-24T17:33:10", "place": "Solar dos Zagalos", "time": "2012-09-06T19:30:00", "duration": 240}}, {"pk": 33, "model": "server.event", "fields": {"conference": 1, "title": "Pausa para caf\u00e9", "last_modified_date": "2013-06-24T17:33:33", "place": "Entrada Edif\u00edcio 4", "time": "2012-09-07T10:00:00", "duration": 30}}, {"pk": 34, "model": "server.event", "fields": {"conference": 1, "title": "Almo\u00e7o", "last_modified_date": "2013-06-24T17:33:49", "place": "Entrada Edif\u00edcio 4", "time": "2012-09-07T12:00:00", "duration": 60}}, {"pk": 35, "model": "server.event", "fields": {"conference": 1, "title": "Pausa para caf\u00e9", "last_modified_date": "2013-06-24T17:34:07", "place": "Entrada Edif\u00edcio 4", "time": "2012-09-07T16:00:00", "duration": 30}}, {"pk": 3, "model": "server.talksession", "fields": {"articles": ["Aplica\u00e7\u00e3o do Fecho de Programas na Dete\u00e7\u00e3o de Anomalias de Concorr\u00eancia", "Benchmarking the EDGI Infrastructure", "C2FS: um Sistema de Ficheiros Seguro e Fi\u00e1vel para Cloud-of-clouds", "RATS - Resource Aware Thread Scheduling for JVM-level Clustering"]}}, {"pk": 4, "model": "server.talksession", "fields": {"articles": ["DIVERSYS: DIVErse Rejuvenation SYStem", "Gest\u00e3o e Pesquisa de Dados Privados em Nuvens de Armazenamento", "Minimiza\u00e7\u00e3o de Perda de Pacotes em Sistemas de Dete\u00e7\u00e3o de Intrus\u00f5es", "O vigia dos vigias: um servi\u00e7o RADIUS resiliente", "Trusted Civitas: Client Trust in CIVITAS Electronic Voting Protocol"]}}, {"pk": 5, "model": "server.talksession", "fields": {"articles": ["Compara\u00e7\u00e3o de Mecanismos de Cancelamento de Difus\u00e3o", "Filtros de preced\u00eancia: agrega\u00e7\u00e3o an\u00f3nima de dados de tr\u00e2nsito bluetooth", "Geo Ties - Localiza\u00e7\u00e3o em Conversas M\u00f3veis", "Puzzles: Explorando Designs Multimodais"]}}, {"pk": 7, "model": "server.talksession", "fields": {"articles": ["Desenho e Implementa\u00e7\u00e3o de uma Biblioteca de Padr\u00f5es Algor\u00edtmicos para GPGPU", "PEC: Protocolo Epid\u00e9mico para Centros de dados", "Reprodu\u00e7\u00e3o Probabil\u00edstica de Execu\u00e7\u00f5es na JVM em Multi-processadores", "SwiftCloud: replica\u00e7\u00e3o sem coordena\u00e7\u00e3o"]}}, {"pk": 8, "model": "server.talksession", "fields": {"articles": ["Real-Time Scheduling of Parallel Tasks in the Linux Kernel", "Scheduling Analysis Principles and Tool for Time- and Space-Partitioned Systems", "Xenomai Lab -- A Platform for Digital Real-Time Control"]}}, {"pk": 9, "model": "server.talksession", "fields": {"articles": ["A study on the usage of third party libraries in Java applications", "ARMY: a Deductive Verification Platform for ARM Programs Using Why3", "Paraleliza\u00e7\u00e3o de C\u00f3digo Puro numa Linguagem Imperativa"]}}, {"pk": 14, "model": "server.talksession", "fields": {"articles": ["ChainReaction: uma Variante de Replica\u00e7\u00e3o em Cadeia com Coer\u00eancia Causal+", "FaceID-Cloud -- Face Identification Leveraging Utility and Cloud Computing", "Gest\u00e3o de Estado Eficiente no Servi\u00e7o de Coordena\u00e7\u00e3o DDS"]}}, {"pk": 15, "model": "server.talksession", "fields": {"articles": ["Characterizing Inaccessibility in IEEE 802.15.4 Through Theoretical Models and Simulation Tools", "Message Oriented Middleware with QoS Support for Smart Grids", "Powering 802.15.4/Zigbee Nodes on Harvested Energy"]}}, {"pk": 16, "model": "server.talksession", "fields": {"articles": ["A UML Profile for Modeling IT Infrastructures", "Locality-Awareness and Continuous Consistency for Collaborative Software Development", "Localiza\u00e7\u00e3o de C\u00f3digo por Demonstra\u00e7\u00e3o"]}}, {"pk": 20, "model": "server.talksession", "fields": {"articles": ["Avalia\u00e7\u00e3o de um Sistema de Reputa\u00e7\u00e3o e Incentivo", "FACMOVEL: Aplica\u00e7\u00e3o para Digitaliza\u00e7\u00e3o, Detec\u00e7\u00e3o e Classifica\u00e7\u00e3o Autom\u00e1tica de Recibos em Dispositivos M\u00f3veis", "Idroid - interest aware augmented reality", "MobUser: Uma plataforma para partilha de informa\u00e7\u00e3o centrada no utilizador para dispositivos m\u00f3veis"]}}, {"pk": 21, "model": "server.talksession", "fields": {"articles": ["An Adaptive Model for Exposing WSN as a Service platform", "Internet das Coisas nos processos de neg\u00f3cio", "Reconfigura\u00e7\u00e3o Din\u00e2mica Estruturada de Workflows de Servi\u00e7os Web", "RFID and Arduino: Managing RFID Events on a Real World Prototype"]}}, {"pk": 23, "model": "server.talksession", "fields": {"articles": ["Cloud Agnostic Virtual Machine Image Service", "Sobre um Mecanismo de Sincroniza\u00e7\u00e3o baseado em Grupos de Recursos", "Uma Infraestrutura para Suporte de Mem\u00f3ria Transacional Distribu\u00edda", "VFC-RTS: Vector-Field Consistency for Real-Time-Strategy Multiplayer Games"]}}, {"pk": 24, "model": "server.talksession", "fields": {"articles": ["ACode: Web-based System for Automatic Evaluation of Java Code", "Binary code obfuscation through C++ template metaprogramming", "Seguran\u00e7a de Dados em Aplica\u00e7\u00f5es Centradas em Dados por An\u00e1lise de Fluxo de Informa\u00e7\u00e3o"]}}, {"pk": 18, "model": "server.postersession", "fields": {"posters": ["Bluetooth security analysis for mobile phones", "BrainMap - Preliminary studies for a navigation support system to explore graphs of document correlations", "ConGu/Flasji - Uma ferramenta para localiza\u00e7\u00e3o de faltas em implementa\u00e7\u00f5es Java de especifica\u00e7\u00f5es alg\u00e9bricas", "Data deduplication in Web prefetching systems", "Distributed heterogeneous computing with dOpenCL", "Experimental validation of temporal isolation among dynamic communication channels", "Modeling and developing oilfield application system based on multi-processor multi-core HPC cluster systems", "Monitoriza\u00e7\u00e3o da dor", "ReactOR", "Reducing memory footprint using object inlining in TribuSTM", "SolGlobal - Gest\u00e3o de organiza\u00e7\u00f5es sem fins lucrativos", "The Ceph distributed storage system", "TribuSTM - Efficient support for in-place metadata in DeuceSTM", "Verification of snapshot isolation anomalies in transactional memory Java programs"]}}, {"pk": 2, "model": "server.keynotesession", "fields": {"keynotes": ["j.valenca@uminho.pt", "luis.caires@fct.unl.pt"], "description": "A edi\u00e7\u00e3o deste ano do INFORUM associa-se \u00e0 Celebra\u00e7\u00e3o do Centen\u00e1rio da vida e obra de Alan Turing e vai contar com uma sess\u00e3o especial com os seguintes oradores convidados:\r\n\r\nAlan Turing and Bletchley Park, Jos\u00e9 Manuel Valen\u00e7a, Universidade do Minho\r\nTuring: From Virtual to Real Machines and Back, Lu\u00eds Caires, Universidade Nova de Lisboa"}}, {"pk": 19, "model": "server.keynotesession", "fields": {"keynotes": ["jose@mcs.le.ac.uk"], "description": "..."}}, {"pk": 25, "model": "server.keynotesession", "fields": {"keynotes": ["l.alvisi@cs.utexas.edu"], "description": "..."}}, {"pk": 26, "model": "server.workshopsession", "fields": {"description": "In research in computing we are producing artefacts, mainly software, which are then tested and evaluated. Some of those research artefacts are even used by actual users. Few will even make it to the market. How should we build our artefacts? When should we stop developing? What is good enough? Who are our clients? From the perspective of the computing sub-discipline of Human-Computer Interaction I am looking at different stages of maturity of development projects to illustrate different maturity characteristics of systems."}}, {"pk": 27, "model": "server.workshopsession", "fields": {"description": "Research is fun ... fun that we take very seriously! ... seriously enough that we want to tell others about what we have discovered. But unfortunately most scientific writing is cr@p! What you can do about it? Why publish? Publish where? How? Write that book ... or not? So many questions."}}, {"pk": 28, "model": "server.workshopsession", "fields": {"description": "If you've been meaning to find out about time management, but haven't been able to find the ...errrr... time to do so, here's your chance! Time management isn't about being a robot sticking to some inflexible plan (homework: watch Clockwise, starring John Cleese.) Time management is about developing habits to help you achieve your professional AND personal goals. We'll trade cool ideas that people use to achieve this."}}, {"pk": 29, "model": "server.socialevent", "fields": {"dumpField": true}}, {"pk": 30, "model": "server.socialevent", "fields": {"dumpField": true}}, {"pk": 31, "model": "server.socialevent", "fields": {"dumpField": true}}, {"pk": 32, "model": "server.socialevent", "fields": {"dumpField": true}}, {"pk": 33, "model": "server.socialevent", "fields": {"dumpField": true}}, {"pk": 34, "model": "server.socialevent", "fields": {"dumpField": true}}, {"pk": 35, "model": "server.socialevent", "fields": {"dumpField": true}}, {"pk": "A study on the usage of third party libraries in Java applications", "model": "server.publication", "fields": {"abstract": "The high number of libraries available for the Java platform\r\ncertainly contributes to the popularity of the JVM as the target of many\r\nmodern applications. By using libraries, developers not only spend less\r\ntime programming, but they also improve the quality of their own applications\r\nby relying on well-tested and highly-optimized solutions. So,\r\nnowadays, programmers spend more time mixing-and-matching software\r\nmodules from libraries than ever, which means also that applications\r\nspend increasingly more time executing code that is in fact from libraries.\r\nIf the execution of code from libraries contributes signi\fcantly to the\r\ntotal execution time of certain applications, then an enticing approach\r\nto optimize those applications is to parallelize the libraries they use, so\r\nthat they make better use of the modern multicore hardware. Whether\r\nthis approach works or not depends on how often and for how long are\r\nlibraries used.\r\nTo evaluate the role that third party libraries play in Java modern applications\r\nand the eventual e\u000bect that their parallelization may have, this\r\npaper presents a study based on two di\u000berent kinds of analyses: A source\r\ncode analysis that identi\fes the most commonly used libraries across a\r\nlarge selection of Java programs, and then a runtime analysis that details\r\nthe usage of the libraries by speci\fcally evaluating the execution\r\ntimes and number of executions of portions of code from each library.\r\nThe dataset used for this work was composed of more than two thousand\r\nof Java open source applications available in the Sourceforge repository.\r\nOur analysis reveals that 40% of the projects in the dataset uses third\r\nparty libraries and that, in some cases, the time spent executing code\r\nfrom libraries is su\u000eciently high to become pro\ftable to parallelize those\r\nlibraries."}}, {"pk": "A UML Profile for Modeling IT Infrastructures", "model": "server.publication", "fields": {"abstract": "IT infrastructures are most times informally modeled. Resulting models are ambiguous to stakeholders, cannot be checked for validity, and therefore are unable to play their important role in design, deployment and maintenance activities. This paper aims to mitigate this problem by proposing a UML profile to model IT infrastructures with more precision."}}, {"pk": "ACode: Web-based System for Automatic Evaluation of Java Code", "model": "server.publication", "fields": {"abstract": "Most current approaches for automatic evaluation of source code use input/output testing to validate student-submitted solutions. However, very few use software engineering metrics to analyze source code. With the limitations of related work in mind, we present, in this paper, our 4-stage approach for auto-matic evaluation of source code: i) the code is first compiled and checked for any errors; ii) the compiled code is then tested against a set of JUnit tests pro-vided by the teacher; iii) a set of software engineering metrics is used to com-pare the student's solution against the teacher's solution; iv) and finally, based on the previous stages, feedback is provided to the students so they can self-evaluate and identify the areas in which they need further study."}}, {"pk": "An Adaptive Model for Exposing WSN as a Service platform", "model": "server.publication", "fields": {"abstract": "Mashing up physical resources with virtual environments provides a\r\nbigger potential for new applications using sensor and actuation networks.\r\nHowever, it also brings many challenges because of the limitations as well as\r\nthe heterogeneity of sensor nodes and networks. As a matter of fact, a hybrid\r\napproach should be the one best suited for most needs of integration and interoperability\r\nbetween sensor networks and other virtual environments. This paper\r\npresents our RESTful Web Service-based model for this purpose. In addition,\r\nwe also present two illustrated scenarios of mashups between sensor networks\r\nand the Facebook social network and Second Life virtual world platforms."}}, {"pk": "Aplica\u00e7\u00e3o do Fecho de Programas na Dete\u00e7\u00e3o de Anomalias de Concorr\u00eancia", "model": "server.publication", "fields": {"abstract": "Uma das estrat\u00e9gias para tirar partido dos m\u00faltiplos processadores\r\ndispon\u00edveis nos computadores atuais passa por adaptar c\u00f3digo\r\nlegado, inicialmente concebido para ser executado num contexto\r\nmeramente sequencial, para ser agora executado num contexto multithreading.\r\nNesse processo de adapta\u00e7\u00e3o \u00e9 necess\u00e1rio proteger apropriadamente\r\nos dados que s\u00e3o agora partilhados e acedidos por diferentes\r\nthreads concorrentes. A prote\u00e7\u00e3o dos dados com locks usando uma granulosidade\r\ngrossa inibe a concorr\u00eancia e op\u00f5e-se ao objetivo inicial de\r\nexplorar o paralelismo suportado por m\u00faltiplos processadores. Por outro\r\nlado, a utiliza\u00e7\u00e3o de uma granulosidade fina pode levar \u00e0 ocorr\u00eancia de\r\nanomalias pr\u00f3prias da concorr\u00eancia, como deadlocks e viola\u00e7\u00f5es de atomicidade\r\n(high-level data races). Este artigo discute o conceito de fecho\r\nde um programa e uma metodologia que, quando aplicados em conjunto,\r\npermitem adaptar c\u00f3digo legado para o tornar thread-safe, garantindo a\r\naus\u00eancia de viola\u00e7\u00f5es de atomicidade na vers\u00e3o corrente do software e\r\nantecipando algumas viola\u00e7\u00f5es de atomicidade que poder\u00e3o ocorrer em\r\nvers\u00f5es futuras do mesmo software."}}, {"pk": "ARMY: a Deductive Verification Platform for ARM Programs Using Why3", "model": "server.publication", "fields": {"abstract": "Unstructured (low-level) programs tend to be challenging to\r\nprove correct, since the control \u001dow is arbitrary complex and there are no\r\nobvious points in the code where to insert logical assertions. In this paper,\r\nwe present a system to formally verify ARM programs, based on a \u001dow\r\nsequentialization methodology and a formalized ARM semantics. This\r\nsystem, built upon the Why3 veri\u001ccation platform, takes an annotated\r\nARM program, turns it into a set of purely sequential \u001dow programs,\r\ntranslates these programs' instructions into the corresponding formalized\r\nopcodes and \u001cnally calls the Why3 VCGen to generate the veri\u001ccation\r\nconditions that can then be discharged by provers. A prototype has been\r\nimplemented and used to verify several programming examples."}}, {"pk": "Avalia\u00e7\u00e3o de um Sistema de Reputa\u00e7\u00e3o e Incentivo", "model": "server.publication", "fields": {"abstract": "Num ambiente de computa\u00e7\u00e3o m\u00f3vel em nuvem colaborativa,\r\nos dispositivos m\u00f3veis utilizam os recursos livres dos pares para melhorar\r\no desempenho das suas aplica\u00e7\u00f5es. Para prevenir comportamentos desviantes\r\n(ego\u00edsmo, falsi\u001cca\u00e7\u00e3o de resultados, etc.), estes ambientes devem\r\nser munidos de ferramentas que penalizem os utilizadores. Contudo, a\r\naus\u00eancia de uma entidade con\u001c\u00e1vel e centralizada que aplique de imediato\r\nas penaliza\u00e7\u00f5es p\u00f5e em risco todo o ambiente, uma vez que pode\r\nlevar os utilizadores bem comportados a assumirem tamb\u00e9m eles comportamentos\r\ndesviantes ou a abandonar o sistema. Adicionalmente, o\r\nsistema \u00e9 vulner\u00e1vel a interpreta\u00e7\u00f5es incorretas de comportamentos, que\r\nresultam quer das incertezas que caracterizam o meio de execu\u00e7\u00e3o, quer\r\nde atua\u00e7\u00f5es maliciosas de alguns utilizadores.\r\nPara avaliar o impacto que estas condicionantes poder\u00e3o ter no correto\r\nfuncionamento de um ambiente de computa\u00e7\u00e3o m\u00f3vel em nuvem colaborativa\r\nfoi desenvolvido um simulador que permite variar n\u00e3o s\u00f3 os tipos\r\nde comportamento dos utilizadores mas tamb\u00e9m as caracter\u00edsticas do\r\nambiente de execu\u00e7\u00e3o, assumindo a exist\u00eancia de um protocolo vi\u00e1vel de\r\nincentivo e con\u001can\u00e7a. Este artigo apresenta os resultados das simula\u00e7\u00f5es,\r\nanalisando as limita\u00e7\u00f5es que o ambiente coloca a um sistema com estas\r\ncaracter\u00edsticas."}}, {"pk": "Benchmarking the EDGI Infrastructure", "model": "server.publication", "fields": {"abstract": "The European Desktop Grid Initiative (EDGI) is an Euro-\r\npean project that aims to close the gap between service push-based grids,\r\nsuch as gLite, ARC and UNICORE, and desktop, pull-based, grids, such\r\nas BOINC and XtremWeb. Given the inevitably large size of the overall\r\ninfrastructure, the EDGI team needs to benchmark its components, to\r\nidentify con\fguration problems, performance bottlenecks, and to ensure\r\nthe appropriate QoS levels.\r\nIn this paper, we describe our benchmarking e\u000bort. To take our mea-\r\nsurements, we submitted batches of jobs to demonstration facilities, and\r\nto components that we disconnected from the infrastructure. We focused\r\nour measurements on the two most important metrics for any grid re-\r\nsource: latency and throughput of jobs. Additionally, by increasing job\r\nsubmission load to the limits of the EDGI components, we identi\fed sev-\r\neral bottlenecks in the job \r\now processes. The results of our work provide\r\nimportant performance guidelines for grid developers and administrators."}}, {"pk": "Binary code obfuscation through C++ template metaprogramming", "model": "server.publication", "fields": {"abstract": "Defending programs against illegitimate use and tampering\r\nhas become both a field of study and a large industry. Code obfuscation\r\nis one of several strategies to stop, or slow down, malicious attackers\r\nfrom gaining knowledge about the internal workings of a program.\r\nBinary code obfuscation tools often come in two (sometimes overlapping)\r\nflavors. On the one hand there are \u201cbinary protectors\u201d, tools outside of\r\nthe development chain that translate a compiled binary into another, less\r\nintelligible one. On the other hand there are software development kits\r\nthat require a significant effort from the developer to ensure the program\r\nis adequately obfuscated.\r\nIn this paper, we present obfuscation methods that are easily integrated\r\ninto the development chain of C++ programs, by using the compiler itself\r\nto perform the obfuscated code generation. This is accomplished by\r\nusing advanced C++ techniques, such as operator overloading, template\r\nmetaprogramming, expression templates, and more. We achieve obfuscated\r\ncode featuring randomization, opaque predicates and data masking.\r\nWe evaluate our obfuscating transformations in terms of potency,\r\nresilience, stealth, and cost."}}, {"pk": "Bluetooth security analysis for mobile phones", "model": "server.publication", "fields": {"abstract": "-"}}, {"pk": "BrainMap - Preliminary studies for a navigation support system to explore graphs of document correlations", "model": "server.publication", "fields": {"abstract": "-"}}, {"pk": "C2FS: um Sistema de Ficheiros Seguro e Fi\u00e1vel para Cloud-of-clouds", "model": "server.publication", "fields": {"abstract": "V\u00e1rios sistemas surgiram recentemente com o intuito de facilitar\r\na utiliza\u00e7\u00e3o de servi\u00e7os de armazenamento nas clouds. Muitos\r\nutilizadores das clouds t\u00eam a necessidade de manter os seus dados dispon\u00edveis\r\ne privados, requisitos nem sempre atendidos pelos sistemas de\r\narmazenamento em cloud. Recentemente foi demonstrado que \u00e9 poss\u00edvel\r\natender estes requisitos atrav\u00e9s do uso de v\u00e1rios provedores de cloud, ao\r\ninv\u00e9s de um s\u00f3, ao que foi dado o nome de cloud-of clouds. Com vista\r\na responder a estas necessidades apresentamos o C2FS, um sistema de\r\nficheiros multi-utilizador para cloud-of-clouds. Este sistema \u00e9 tolerante a\r\nfalhas por parte dos provedores de clouds e mant\u00e9m a privacidade dos\r\ndados e metadados armazenados desde que menos de um ter\u00e7o dos provedores\r\nusados sejam faltosos. O C2FS tem uma interface estilo POSIX\r\ne satisfaz um modelo de consist\u00eancia flex\u00edvel que permite aos seus utilizadores\r\ncontrolarem os custos (em termos monet\u00e1rios e de desempenho)\r\nrelacionados com o acesso a clouds e as garantias de consist\u00eancia e durabilidade\r\noferecidas pelo sistema."}}, {"pk": "ChainReaction: uma Variante de Replica\u00e7\u00e3o em Cadeia com Coer\u00eancia Causal+", "model": "server.publication", "fields": {"abstract": "O equil\u0013\u0010brio entre garantias de coer^encia, disponibilidade e\r\ndesempenho, em particular nos sistemas que suportam Geo-replica\u0018c~ao,\r\n\u0013e um dos principais desa\fos no desenho de sistemas de armazenamento\r\nde dados para suporte a aplica\u0018c~oes na nuvem. Por este motivo, v\u0013arias\r\ncombina\u0018c~oes de diferentes modelos de coer^encia e t\u0013ecnicas de replica\u0018c~ao\r\nt^em sido propostas nos \u0013ultimos anos. Este artigo prop~oe um novo sistema\r\nde armazenamento de dados, chamado ChainReaction, que oferece\r\ncoer^encia \\causal+\"com elevado desempenho, toler^ancia a faltas, e capacidade\r\nde escala. Baseando-se numa especializa\u0018c~ao da t\u0013ecnica de replica\r\n\u0018c~ao em cadeia (chain-replication), o ChainReaction evita os pontos\r\nde estrangulamento associados \u0012a coer^encia at\u0013omica, e oferece um desempenho\r\ncompetitivo com os sistemas que apenas oferecem coer^encia\r\neventual. Para al\u0013em disso, o ChainReaction \u0013e apresentado como uma\r\nbase para uma futura extens~ao para o cen\u0013ario de Geo-replica\u0018c~ao."}}, {"pk": "Characterizing Inaccessibility in IEEE 802.15.4 Through Theoretical Models and Simulation Tools", "model": "server.publication", "fields": {"abstract": "Wireless networks are everywhere. Mobility and flexibility, together with the elimination of wires derived from the nature of wireless communications, represent extremely useful advantages in recent past, present, and future of networked "}}, {"pk": "Cloud Agnostic Virtual Machine Image Service", "model": "server.publication", "fields": {"abstract": "Facing the Cloud Computing paradigm and the role of virtualization,\r\nthe management of virtual machine images is becoming increasingly\r\nimportant. Images are delivered by Infrastructure-as-a-Service\r\nframeworks to hypervisors that create virtual machines based on them.\r\nMost infrastructure frameworks save images in a storage system that\r\nserves as image repository. However, problems arise when managing environments\r\nwith di\u000berent cloud infrastructures, as their image repositories\r\nare tied to their own requirements. This article presents and evaluates\r\nan image server comprised in VISOR, a cloud agnostic virtual machine\r\nimages management service."}}, {"pk": "Compara\u00e7\u00e3o de Mecanismos de Cancelamento de Difus\u00e3o", "model": "server.publication", "fields": {"abstract": "A difus\u00e3o de mensagens \u00e9 uma primitiva de comunica\u00e7\u00e3o frequentemente\r\nusada pelos algoritmos de pesquisa de recursos em redes\r\nm\u00f3veis sem infraestrutura. Quando uma pesquisa encontra o recurso que\r\nprocura, esta deve ser interrompida, dado que a sua continua\u00e7\u00e3o representa\r\num desperd\u00edcio de energia, sobretudo em redes sem \u001cos de grandes\r\ndimens\u00f5es. Este artigo compara o mecanismo de cancelamento usado nos\r\nalgoritmos BERS e BERS? com uma nova abordagem em que o cancelamento\r\n\u00e9 iniciado de imediato pelo nodo que det\u00e9m o recurso. Quer\r\na modela\u00e7\u00e3o matem\u00e1tica quer os resultados de simula\u00e7\u00f5es mostraram\r\nque sem prejudicar mais a lat\u00eancia apresentada pelo BERS? foi poss\u00edvel\r\ndiminuir o n\u00famero de transmiss\u00f5es necess\u00e1rias para travar o processo\r\nde difus\u00e3o. O cancelamento com origem no recurso permitiu melhorar a\r\ne\u001cci\u00eancia energ\u00e9tica da difus\u00e3o, que \u00e9 um fator cr\u00edtico nos dispositivos\r\nm\u00f3veis alimentados a baterias."}}, {"pk": "ConGu/Flasji - Uma ferramenta para localiza\u00e7\u00e3o de faltas em implementa\u00e7\u00f5es Java de especifica\u00e7\u00f5es alg\u00e9bricas", "model": "server.publication", "fields": {"abstract": "-"}}, {"pk": "Data deduplication in Web prefetching systems", "model": "server.publication", "fields": {"abstract": "-"}}, {"pk": "Desenho e Implementa\u00e7\u00e3o de uma Biblioteca de Padr\u00f5es Algor\u00edtmicos para GPGPU", "model": "server.publication", "fields": {"abstract": "As unidades de processamento gr\u00e1fico (GPUs) apresentam-se mais eficientes do que os CPUs em certos dom\u00ednios de aplica\u00e7\u00e3o. No entanto, extrair este poder computacional requer que o programador esteja familiarizado com modelo de execu\u00e7\u00e3o subjacente. O trabalho apresentado neste artigo foca o problema da orquestra\u00e7\u00e3o da computa\u00e7\u00e3o, aplicando-se o conceito de padr\u00e3o algor\u00edtmico (skeleton) \u00e0 computa\u00e7\u00e3o GPU. A nossa aproxima\u00e7\u00e3o expande este conjunto dos skeletons suportados, bem como permite nidifica\u00e7\u00e3o entre os mesmos. Uma avalia\u00e7\u00e3o inicial revela que a biblioteca desenvolvida oferece ganhos de desempenho substanciais relativamente a aplica\u00e7\u00f5es que n\u00e3o utilizam skeletons."}}, {"pk": "Distributed heterogeneous computing with dOpenCL", "model": "server.publication", "fields": {"abstract": "-"}}, {"pk": "DIVERSYS: DIVErse Rejuvenation SYStem", "model": "server.publication", "fields": {"abstract": "Replication has been used to build intrusion-tolerant systems,\r\nwhich are able to tolerate a limited number intrusions before the\r\nsystem is compromised. An important limitation of intrusion-tolerant\r\nsystems is that if the system's replicas are similar, once a \r\naw is discovered\r\nand exploited in one replica, then it is easy to replicate it on the\r\nother replicas, compromising the whole system. To circumvent this limitation\r\none must \fnd a way to make these exploits occur independently.\r\nWe propose the deployment of di\u000berent operating systems in order to\r\navoid common failures, making a system correct unless f +1 replicas are\r\ncompromised. However, if enough time is given to the adversary, then\r\neventually f + 1 di\u000berent replicas will su\u000ber an intrusion. Hence, to reduce\r\nthe size of this time window, we introduce diversity on recoveries,\r\nwhere the system will replace the faulty replicas with fresh and di\u000berent\r\nones (therefore, cleaning their faulty state) as the adversary compromises\r\nthe replicas. The remaining challenge is to manage the recoveries without\r\nviolating the availability of the system. Our contribution is to assess the\r\nrisk on replicated systems to trigger recoveries."}}, {"pk": "Experimental validation of temporal isolation among dynamic communication channels", "model": "server.publication", "fields": {"abstract": "-"}}, {"pk": "FaceID-Cloud -- Face Identification Leveraging Utility and Cloud Computing", "model": "server.publication", "fields": {"abstract": "Detection and identi\fcation of human faces, mostly in photos,\r\nhas been an intense area of study in the past decades, with many strategies\r\nbeing proposed with very impressive results. Yet, it is a computationally in-\r\ntensive task, specially in videos that can reach a considerable size. Hence,\r\nit is important to develop new solutions to improve the performance of face\r\nidenti\fcation methods. At the moment, one of the most promising IT tech-\r\nnologies that can be used to achieve this result is Cloud Computing, allowing\r\nfor scalable and \r\nexible systems to be built with an easy on-demand access\r\nto virtual resources in a pay-as-you-go utility model. The purpose of this\r\nwork is to study the best way to achieve scalability in face identi\fcation by\r\nintegrating it in a cloud infrastructure. We propose a system that leverages\r\ncloud resources to greatly improve facial identi\fcation performance in large\r\nvideo databases, such as those found in social application (e.g Facebook,\r\nYouTube)."}}, {"pk": "FACMOVEL: Aplica\u00e7\u00e3o para Digitaliza\u00e7\u00e3o, Detec\u00e7\u00e3o e Classifica\u00e7\u00e3o Autom\u00e1tica de Recibos em Dispositivos M\u00f3veis", "model": "server.publication", "fields": {"abstract": "Ao longo dos \u00faltimos anos tem-se assistido a uma r\u00e1pida evolu\u00e7\u00e3o dos dispositivos m\u00f3veis. Essa evolu\u00e7\u00e3o tem-se vindo a sentir no poder de processamento, na resolu\u00e7\u00e3o e qualidade das c\u00e2maras e na largura de banda das redes m\u00f3veis de nova gera\u00e7\u00e3o. Assim, com cada vez mais \u201ccomputadores de bolso\u201d surge a oportunidade de criar aplica\u00e7\u00f5es que conseguem converter informa\u00e7\u00e3o do mundo f\u00edsico em informa\u00e7\u00e3o digital que depois pode ser processada e utilizada de forma eficiente (e.g., um leitor de c\u00f3digos QR ou um OCR). Este artigo descreve uma aplica\u00e7\u00e3o para digitaliza\u00e7\u00e3o, classifica\u00e7\u00e3o e gest\u00e3o autom\u00e1tica de recibos em dispositivos m\u00f3veis. A aplica\u00e7\u00e3o utiliza t\u00e9cnicas de processamento de imagem, classifica\u00e7\u00e3o e realidade aumentada para realizar esta tarefa. S\u00e3o tamb\u00e9m apresentados resultados de testes efectuados para valida\u00e7\u00e3o da aplica\u00e7\u00e3o."}}, {"pk": "Filtros de preced\u00eancia: agrega\u00e7\u00e3o an\u00f3nima de dados de tr\u00e2nsito bluetooth", "model": "server.publication", "fields": {"abstract": "\u0012A medida que os dispositivos Bluetooth se tornam cada vez\r\nmais comuns, existe um potencial crescente para tirar partido das capacidades\r\ndesta tecnologia assim como das infraestruturas j\u0013a existentes\r\npara cen\u0013arios de rastreio massivo de dispositivos. Todavia, a recolha de\r\ninforma\u0018c~ao destes equipamentos pode criar problemas de privacidade,\r\npois a cria\u0018c~ao de um registo permanente e/ou desprotegido dos dados\r\nrecolhidos permitiria o escrut\u0013\u0010nio do dia-a-dia dos seus utilizadores. Esse\r\nregisto ser\u0013a social e juridicamente inaceit\u0013avel, potenciando a rejei\u0018c~ao\r\ndestas tecnologias.\r\nExistem por\u0013em, t\u0013ecnicas n~ao triviais que permitem guardar a informa\u0018c~ao\r\nsem comprometer a privacidade do utilizador. O objetivo deste artigo \u0013e\r\ndemonstrar como essas t\u0013ecnicas podem ser usadas num cen\u0013ario espec\u0013\u0010\fco,\r\no estudo da mobilidade humana, dos seus padr~oes e frequ^encia dos mesmos,\r\nminimizando a quantidade de dados recolhidos assim como o risco\r\npara a privacidade dos utilizadores."}}, {"pk": "Geo Ties - Localiza\u00e7\u00e3o em Conversas M\u00f3veis", "model": "server.publication", "fields": {"abstract": "Neste artigo apresentamos uma ferramenta de chat georreferenciado,\r\ncom componente m\u00f3vel e fixa. A ferramenta \u00e9 parte de um sistema mais vasto,\r\nque assenta em diferentes formas de comunica\u00e7\u00e3o, partilha de informa\u00e7\u00e3o,\r\nnotifica\u00e7\u00e3o e realiza\u00e7\u00e3o de actividades, fundamentalmente, em contextos\r\ngeorreferenciados e sociais. No \u00e2mbito da conversa\u00e7\u00e3o, a ferramenta permite\r\naos interlocutores a consci\u00eancia imediata do local em que as mensagens s\u00e3o\r\nenviadas e recebidas de forma a que as conversas ou a sua an\u00e1lise possam, por\r\nexemplo, capitalizar em referentes do espa\u00e7o envolvente, tudo isto tirando\r\npartido das funcionalidades presentes nos dispositivos m\u00f3veis modernos e das\r\nvantagens das plataformas Web. As aplica\u00e7\u00f5es estendem-se \u00e0s mais diversas\r\n\u00e1reas, desde a indica\u00e7\u00e3o de um local ou atrac\u00e7\u00e3o tur\u00edstica a um amigo, a \u00e1reas\r\nmais cr\u00edticas como o treino de compet\u00eancias sociais, para crian\u00e7as com\r\nnecessidades especiais, por exemplo. O sistema \u00e9 apoiado por um servidor\r\nNodejs e pela framework Android Cloud to Device Messaging Framework da\r\nGoogle oferecendo \u00e0 ferramenta todas as vantagens da comunica\u00e7\u00e3o atrav\u00e9s de\r\nm\u00e9todos Push. \u00c9 apresentado um teste em que os participantes realizaram um\r\npeddy-paper pelo campus da faculdade recorrendo ao sistema. Os resultados\r\nprovam que a ferramenta pode contribuir para a \u00e1rea, n\u00e3o s\u00f3 pelas suas\r\nfuncionalidades inovadoras mas tamb\u00e9m pela sua forma de interac\u00e7\u00e3o."}}, {"pk": "Gest\u00e3o de Estado Eficiente no Servi\u00e7o de Coordena\u00e7\u00e3o DDS", "model": "server.publication", "fields": {"abstract": "Servi\u00e7os de coordena\u00e7\u00e3o como o ZooKeeper e o Chubby s\u00e3o\r\ncada vez mais usados para suportar a execu\u00e7\u00e3o de aplica\u00e7\u00f5es distribu\u00ed-\r\ndas. Alguns desses servi\u00e7os baseiam-se no paradigma da replica\u00e7\u00e3o de\r\nm\u00e1quinas de estados para garantirem a sua disponibilidade e usam t\u00e9cnicas\r\ncomo logging e checkpoints para assegurar a durabilidade dos seus\r\ndados no caso da paragem de todas as r\u00e9plicas. No entanto, estas t\u00e9cnicas\r\nusadas para garantir durabilidade requerem constantes escritas em\r\ndisco e como tal t\u00eam um impacto negativo no desempenho desses servi\r\n\u00e7os. Neste artigo apresentamos um conjunto de t\u00e9cnicas para garantir\r\na durabilidade reduzindo o impacto no desempenho do sistema. Estas\r\nt\u00e9cnicas s\u00e3o demonstradas no contexto do Durable DepSpace (DDS), um\r\nservi\u00e7o de coordena\u00e7\u00e3o que suporta a abstrac\u00e7\u00e3o de espa\u00e7os de tuplos."}}, {"pk": "Gest\u00e3o e Pesquisa de Dados Privados em Nuvens de Armazenamento", "model": "server.publication", "fields": {"abstract": "O artigo apresenta uma solu\u00e7\u00e3o para armazenamento e gest\u00e3o de\r\ndados privados mantidos em nuvens de armazenamento na internet (ou Internet\r\nStorage Clouds). A solu\u00e7\u00e3o suporta opera\u00e7\u00f5es sobre os dados mantidos cifrados,\r\nincluindo leituras, escritas e pesquisas baseadas em multi-palavras e classifica\u00e7\u00e3o\r\nde relev\u00e2ncia dos mesmos. A aproxima\u00e7\u00e3o baseia-se numa arquitetura\r\nde sistema middleware que utiliza t\u00e9cnicas de encripta\u00e7\u00e3o homom\u00f3rfica combinadas\r\ncom mecanismos de indexa\u00e7\u00e3o din\u00e2mica, preservando condi\u00e7\u00f5es de privacidade,\r\nsem necessidade de se decifrarem os dados durante as opera\u00e7\u00f5es na\r\nCloud e sem transfer\u00eancia dos mesmos durante as pesquisas."}}, {"pk": "Idroid - interest aware augmented reality", "model": "server.publication", "fields": {"abstract": "Mobile augmented reality applications are increasingly more\r\npopular. The ability to merge a virtual world with the real one is a\r\nfascinating idea, and the possibility of having such a system available in\r\na mobile device makes it even more interesting given its inherent ubiquity.\r\nEnsuring the freshness of (augmented reality) information provided to\r\nthe user on the mobile device is of utmost importance. At the same\r\ntime, the user must not be overwhelmed by useless information, and the\r\nnetwork usage should be kept to a minimum, so that scalability of the\r\noverall system can be ensured.\r\nWe present Idroid, a Location Based Augmented Reality system that is\r\nscalable and provides the information the user needs, according to his\r\nfreshness and interest requirements (regarding the points of interest in\r\nhis surroundings). It uses an interest-aware consistency model (Vector-\r\nField Consistency) to limit the amount of information \r\now to the client,\r\nwhile taking into consideration the real world constraints (e.g. streets,\r\nbuildings, obstacles, etc.)."}}, {"pk": "Internet das Coisas nos processos de neg\u00f3cio", "model": "server.publication", "fields": {"abstract": "Os processos de neg\u0013ocio podem bene\fciar de forma signi\f-\r\ncativa do desenvolvimento da Internet das Coisas, j\u0013a que estes podem\r\nutilizar a informa\u0018c~ao de contexto disponibilizada pelos sensores para optimizar\r\na sua execu\u0018c~ao e para reagir a situa\u0018c~oes emergentes em tempo\r\nreal. Actualmente, a WS-BPEL \u0013e a norma de-facto utilizada para de\f-\r\nnir processos atrav\u0013es da composi\u0018c~ao de servi\u0018cos web. No entanto, esta\r\nlinguagem, sendo baseada num paradigma de orquestra\u0018c~ao de servi\u0018cos,\r\nlimita a forma como os processos podem usufruir da informa\u0018c~ao de contexto.\r\nNeste artigo \u0013e apresentada uma extens~ao para a WS-BPEL de\r\nmodo a incluir vari\u0013aveis de contexto. Estas vari\u0013aveis mant^em os valores\r\ndos sensores. A sua atualiza\u0018c~ao \u0013e efectuada atrav\u0013es do paradigma\r\npublica\u0018c~ao/subscri\u0018c~ao. A extens~ao \u0013e concretizada atrav\u0013es de um mecanismo\r\nde transforma\u0018c~ao da linguagem, tornando-a independente do motor\r\nde execu\u0018c~ao. Este trabalho constitui a base para suportar processos\r\nde neg\u0013ocio mais reactivos, o qual permitir\u0013a estender a linguagem com\r\nnovos construtores, como por exemplo, o when-then."}}, {"pk": "Locality-Awareness and Continuous Consistency for Collaborative Software Development", "model": "server.publication", "fields": {"abstract": "Software development is, mostly, a collaborative process where teams of developers\r\nwork together in order to produce quality code. Collaboration is, generally, not\r\nan issue, as teams work together in the same office or building. However, larger projects\r\nmay require more people, who might be spread through-out different floors, buildings\r\nand different companies. Several systems have been developed in order to provide better\r\nmeans of communication and awareness over the actions of others. Still, most of them\r\nrely on an all-or-nothing approach: where the user is either immediately notified of all\r\nmodifications occurring in a shared project, or is completely oblivious to all external\r\nchanges.\r\nWe propose a new solution based on the adaptation of the Vector-Field Consistency algorithm\r\nwhich relies on two distinct concepts: locality-awareness and continuous consistency\r\nmodel. Where the former represents the ability of system to make choices based\r\non the proximity of remote changes in relation to a particular user\u2019s position. While the\r\nlater corresponds to a consistency model between strong and weak consistency, which\r\nis able to control and impose a limit over how much two replicas can diverge. With the\r\ncorrect parametrization this model can establish a great balance between consistency and\r\navailability.\r\nWe describe in detail how our architecture was applied to the Eclipse IDE, under the form\r\nof a plug-in, to provide a new level of distributed collaboration to software developers,\r\nand how it was evaluated."}}, {"pk": "Localiza\u00e7\u00e3o de C\u00f3digo por Demonstra\u00e7\u00e3o", "model": "server.publication", "fields": {"abstract": "No contexto da manuten\u00e7\u00e3o de software, a atividade de localizar\r\nc\u00f3digo relacionado com determinada funcionalidade pode ser dispendiosa,\r\nespecialmente nos casos em que o programador n\u00e3o est\u00e1 familiarizado\r\ncom a parte do sistema em quest\u00e3o. Este artigo apresenta um\r\nmecanismo adequado para aplica\u00e7\u00f5es interativas que permite localizar\r\nc\u00f3digo atrav\u00e9s da demonstra\u00e7\u00e3o de uma funcionalidade do programa.\r\nDesta forma, o programador expressa a sua inten\u00e7\u00e3o interagindo diretamente\r\ncom o programa em execu\u00e7\u00e3o, com vista a obter instantaneamente\r\nsegmentos do sistema que incluem as partes do c\u00f3digo que foram executadas\r\ndentro de determinado intervalo de tempo. O mecanismo \u00e9 concretizado\r\npor via de instrumenta\u00e7\u00e3o do programa, interligando-o com o ambiente\r\nde desenvolvimento. Uma prova de conceito foi desenvolvida para\r\nEclipse, tomando partido de contextos de tarefa (Mylyn) para agrupar\r\nas partes do c\u00f3digo relacionadas com a funcionalidade que se pretende\r\nlocalizar."}}, {"pk": "Message Oriented Middleware with QoS Support for Smart Grids", "model": "server.publication", "fields": {"abstract": "The rapid growth on the adoption of smart grids technologies is ena-bling the improvement of efficiency, reliability and security on energy distribu-tion and consumption. The efficiency increase comes from the overall monitor-ing of the electricity network, and from the capability of acting upon loads in order to better adapt to overall and local energy production from traditional sources and renewables. To guarantee that these energy sources can be effec-tively used, smart grid systems must be able to react quickly and predictably, adapting to changing supply, by controlling loads and energy storage. Many ap-plications have been identified and developed to optimize power grid systems, and these applications rely on a solid communications network that is secure, highly scalable, and always available. Thus, any communication infrastructure for smart grids should support its potential of producing high quantities of real-time data, with the goal of reacting to state changes by actuating on devices in real-time, while providing Quality of Service (QoS) guarantees to the commu-nications. These functionalities can be supported by a Message-Oriented Mid-dleware, which allows interconnecting houses and controlling applications in a distributed environment. Therefore, in this paper we survey and analyze exist-ing middleware solutions for the support of distributed scalable large-scale ap-plications with QoS requirements that are structured on top of a Message ori-ented Middleware."}}, {"pk": "Minimiza\u00e7\u00e3o de Perda de Pacotes em Sistemas de Dete\u00e7\u00e3o de Intrus\u00f5es", "model": "server.publication", "fields": {"abstract": "Neste trabalho foi investigada a possibilidade de minimizar falhas\r\npor omiss~ao em sistemas de dete\u0018c~ao de intrus~oes de rede, utilizando\r\nm\u0013ultiplas r\u0013eplicas, com base na ideia de que a probabilidade de um conjunto\r\nde r\u0013eplicas perder um dado pacote dever\u0013a ser menor do que a de\r\napenas uma inst^ancia. Foi desenvolvida uma camada de sincroniza\u0018c~ao,\r\nque deteta desalinhamentos no tr\u0013afego recebido pelas r\u0013eplicas e recupera\r\nos pacotes perdidos por cada uma, antes de os entregar \u0012a camada\r\nde dete\u0018c~ao. Os resultados sugerem que em alguns cen\u0013arios esta camada\r\npode minimizar as falhas por omiss~ao."}}, {"pk": "MobUser: Uma plataforma para partilha de informa\u00e7\u00e3o centrada no utilizador para dispositivos m\u00f3veis", "model": "server.publication", "fields": {"abstract": "Dispositivos m\u0013oveis com capacidade de comunica\u0018c~ao sem \fos\r\ns~ao uma constante. Estes dispositivos podem trocar informa\u0018c~ao que assista\r\no utilizador nas suas tarefas quotidianas. As actuais solu\u0018c~oes de comunica\r\n\u0018c~ao n~ao s~ao adequadas visto que a grande maioria dependem de\r\nalgum tipo de centraliza\u0018c~ao, as solu\u0018c~oes encontradas que n~ao dependem\r\nde centraliza\u0018c~ao apresentam um grande custo visto que s~ao baseadas em\r\nsolu\u0018c~oes de publica\u0018c~ao/subscri\u0018c~ao baseadas em conte\u0013udo. Para enfrentar\r\neste desa\fo, apresentamos neste artigo o MobUser, um novo servi\u0018co de\r\npublica\u0018c~ao-subscri\u0018c~ao baseado em t\u0013opicos especialmente adaptado para\r\nsuportar opera\u0018c~oes conscientes da localiza\u0018c~ao para dispositivos m\u0013oveis de\r\nforma descentralizada. Mostramos, atrav\u0013es de simula\u0018c~oes, que o MobUser\r\noferece melhor desempenho e maior taxa de entrega de eventos, quando\r\ncomparado com outro sistema de publica\u0018c~ao/subscri\u0018c~ao para ambientes\r\nm\u0013oveis."}}, {"pk": "Modeling and developing oilfield application system based on multi-processor multi-core HPC cluster systems", "model": "server.publication", "fields": {"abstract": "-"}}, {"pk": "Monitoriza\u00e7\u00e3o da dor", "model": "server.publication", "fields": {"abstract": "-"}}, {"pk": "O vigia dos vigias: um servi\u00e7o RADIUS resiliente", "model": "server.publication", "fields": {"abstract": "radius \u0013e um protocolo amplamente utilizado para autentica\u0018c~ao,\r\nautoriza\u0018c~ao e contabiliza\u0018c~ao nas infra-estruturas e servi\u0018cos de rede. Um\r\nservidor radius pode falhar ou apresentar comportamento arbitr\u0013ario\r\ntamb\u0013em chamadas faltas bizantinas, decorrente de erros no programa,\r\nfalhas no ambiente, ou ainda, uma intrus~ao. Este artigo apresenta uma\r\nsolu\u0018c~ao para aumentar a resili^encia do servi\u0018co radius. A ideia central\r\npassa pela utiliza\u0018c~ao de protocolos de replica\u0018c~ao activa, utilizando\r\nm\u0013aquinas de estado, de forma a prover toler^ancia a faltas e intrus~oes.\r\nComo caso de uso e avalia\u0018c~ao \u0013e utilizado um ambiente de acesso a rede\r\nsem \fo, similar ao que ocorre na rede eduroam. \u0013E apresentada e discutida\r\numa arquitetura de opera\u0018c~ao do servi\u0018co, desde o cliente a ser autenticado\r\nat\u0013e o servi\u0018co de autentica\u0018c~ao, e como cada componente da arquitetura\r\npode tolerar faltas. Os resultados iniciais demonstram a aplicabilidade\r\nda solu\u0018c~ao proposta."}}, {"pk": "Paraleliza\u00e7\u00e3o de C\u00f3digo Puro numa Linguagem Imperativa", "model": "server.publication", "fields": {"abstract": "A programa\u00e7\u00e3o concorrente \u00e9 cada vez mais importante no\r\naproveitamento dos recursos oferecidos pelos sistemas multiprocessador,\r\nque s\u00e3o agora ub\u00edquos. No desenvolvimento de software, apesar das linguagens\r\nimperativas serem as mais utilizadas, n\u00e3o fornecem suporte real\r\n\u00e0 programa\u00e7\u00e3o concorrente. O programador necessita de prever as depend\u00eancias\r\nentre dados e prever os efeitos no estado global para os proteger\r\nde maneira coerente de interfer\u00eancias indesejadas entre threads. \u00c9 exigido\r\nao programador o controlo expl\u00edcito dos v\u00e1rios threads no acesso\r\na zonas de mem\u00f3ria partilhada no sentido de evitar erros de execu\u00e7\u00e3o\r\ncomo race conditions e deadlocks. \u00c9 sabido que as linguagens funcionais\r\npuras facilitam a escrita de c\u00f3digo concorrente pois a pureza funcional\r\nimplica a aus\u00eancia de estado partilhado e de efeitos laterais. Procuramos\r\nneste artigo aplicar a no\u00e7\u00e3o de pureza funcional a uma linguagem imperativa\r\nconcorrente de modo a garantir, por constru\u00e7\u00e3o, a aus\u00eancia de\r\ninterfer\u00eancias entre threads."}}, {"pk": "PEC: Protocolo Epid\u00e9mico para Centros de dados", "model": "server.publication", "fields": {"abstract": "Os protocolos de difus~ao epid\u0013emica, pelas suas caracter\u0013\u0010sticas,\r\ns~ao excelentes candidatos para suportar a difus~ao e/ou recolha de informa\r\n\u0018c~ao em centros de dados de grande-escala. Infelizmente, neste contexto\r\nparticular, solu\u0018c~oes alheias \u0012a topologia da rede podem facilmente\r\nsaturar os comutadores nos n\u0013\u0010veis hier\u0013arquicos mais altos da rede. Neste\r\nartigo apresentamos um Protocolo Epid\u0013emico para Centros de dados\r\n(PEC) que assegura uma distribui\u0018c~ao adequada da carga pelos comutadores\r\nda rede, evitando que o tr\u0013afego epid\u0013emico seja uma fonte de\r\nestrangulamento do sistema. O nosso protocolo combina caracter\u0013\u0010sticas\r\nimportadas de algoritmos propostos anteriormente, as quais s~ao enriquecidas\r\ncom um protocolo de gest~ao da \flia\u0018c~ao e mecanismos de controlo\r\nde \r\nuxo cientes da topologia. Os benef\u0013\u0010cios da nossa solu\u0018c~ao s~ao ilustrados\r\npor uma avalia\u0018c~ao experimental que compara o seu desempenho com\r\no desempenho de solu\u0018c~oes existentes na literatura."}}, {"pk": "Powering 802.15.4/Zigbee Nodes on Harvested Energy", "model": "server.publication", "fields": {"abstract": "The future of electricity networks relies on the Smart Grid\r\nconcept to implement reliable and sustainable services. Wireless Sensor\r\nNetworks (WSNs) may be used to meet Smart Grid data delivery\r\nrequirements. Powering WSN on environments with energy availability\r\nmay nevertheless be expensive in both material and human resources.\r\nReplacing batteries is therefore an important topic of both academic\r\nand industrial work. This paper addresses software related implications\r\nof running a WSN node that uses a complex communication protocol and\r\nis running on harvested energy. A WSN node running 802.15.4/Zigbee\r\nprotocol on harvested energy is proposed. The protocol compliant node\r\nuses a contact-less scavenger system able to power a WSN node from\r\nmains power lines thus provide an easily installable and inexpensive device\r\nfor non-skilled workers."}}, {"pk": "Puzzles: Explorando Designs Multimodais", "model": "server.publication", "fields": {"abstract": "Os dispositivos m\u00f3veis penetram nas nossas vidas di\u00e1rias e s\u00e3o\r\nconstantemente usados de forma amplificada para uma multiplicidade de\r\ncontextos e situa\u00e7\u00f5es. Jogos m\u00f3veis casuais s\u00e3o cada vez mais populares devido\r\n\u00e0 sua simplicidade, falta de empenho exigido e neglig\u00eancia por uma destreza\r\nparticularmente elevada, caminhando lado a lado com o tempo reduzido e\r\ndividido associado a variados contextos n\u00f3madas di\u00e1rios. No entanto, este\r\nambiente tamb\u00e9m \u00e9 menos controlado e propenso a enfatizar diferentes\r\nhabilidades e momentaneamente desactivar as modalidades de interac\u00e7\u00e3o mais\r\nhabituais. Neste artigo, concentr\u00e1mo-nos em jogos de puzzle m\u00f3veis e\r\nexploramos diferentes inst\u00e2ncias deste tipo de jogo. Para cada constru\u00e7\u00e3o\r\nconfigur\u00e1mos diferentes modalidades de interac\u00e7\u00e3o. Ao fornecer vers\u00f5es\r\nalteradas sobre um conceito de jogo semelhante, acreditamos estar a oferecer\r\nop\u00e7\u00f5es de jogabilidade para diferentes cen\u00e1rios, mas tamb\u00e9m para lidar com\r\ndiversas habilidades individuais, em particular, promovendo a inclus\u00e3o das\r\npessoas com defici\u00eancia. Neste artigo, apresentamos as nossas inst\u00e2ncias do\r\njogo Multimodal Puzzle Game, juntamente com uma avalia\u00e7\u00e3o realizada com\r\n48 participantes (12 dos quais s\u00e3o deficientes visuais). Os resultados mostraram\r\nque as varia\u00e7\u00f5es jog\u00e1veis criadas a partir de um jogo tradicionalmente visual\r\n(puzzles) s\u00e3o vi\u00e1veis, desafiadoras e divertidas. Al\u00e9m disso, os resultados\r\nsustentam que a multimodalidade \u00e9 um factor chave para a inclus\u00e3o das pessoas\r\ncom defici\u00eancia."}}, {"pk": "RATS - Resource Aware Thread Scheduling for JVM-level Clustering", "model": "server.publication", "fields": {"abstract": "In this work, we propose RATS, a middleware to enhance\r\nand extend the Terracotta framework for Java with the ability to transparently\r\nexecute multi-threaded Java applications to provide a singlesystem\r\nimage. It supports e\u000ecient scheduling of threads, according to\r\navailable resources, across several nodes in a Terracotta cluster, taking\r\nadvantage of the extra computational and memory resources available.\r\nIt also supports pro\fling to gather application characteristics such as\r\ndispersion of thread workload, thread inter-arrival time and resource usage\r\nof the application. It uses bytecode instrumentations to pro\fle and\r\nadd clustering capabilities to multi-threaded Java applications, as well\r\nas extra synchronization if needed. We developed a range of alternative\r\nscheduling heuristics and classify them based on the application and cluster\r\nbehavior. The middleware is tested with a cpu-intensive application\r\nwith varying thread characteristics to assess and classify the scheduling\r\nheuristics with respect to application speed-ups and load balancing."}}, {"pk": "ReactOR", "model": "server.publication", "fields": {"abstract": "-"}}, {"pk": "Real-Time Scheduling of Parallel Tasks in the Linux Kernel", "model": "server.publication", "fields": {"abstract": "This paper proposes a global multiprocessor scheduling algo-\r\nrithm for the Linux kernel that combines the global EDF scheduler with\r\na priority-aware work-stealing load balancing scheme, enabling parallel\r\nreal-time tasks to be executed on more than one processor at a given time\r\ninstant. We state that some priority inversion may actually be accept-\r\nable, provided it helps reduce contention, communication, synchronisa-\r\ntion and coordination between parallel threads, while still guaranteeing\r\nthe expected system's predictability. Experimental results demonstrate\r\nthe low scheduling overhead of the proposed approach comparatively\r\nto an existing real-time deadline-oriented scheduling class for the Linux\r\nkernel."}}, {"pk": "Reconfigura\u00e7\u00e3o Din\u00e2mica Estruturada de Workflows de Servi\u00e7os Web", "model": "server.publication", "fields": {"abstract": "O conceito de servi\u0018co consiste numa abstrac\u0018c~ao simples mas\r\npoderosa para representar/integrar entidades de diferentes contextos, e.g.\r\nservi\u0018cos Web da \u0013area de neg\u0013ocio, servi\u0018cos computacionais em Grid, ou\r\nInternet of Things. Os sistemas de gest~ao dework\r\nows, por seu lado,\r\ns~ao uma solu\u0018c~ao standard para a especi\fca\u0018c~ao/execu\u0018c~ao da composi\u0018c~ao\r\nde servi\u0018cos, para os quais \u0013e necess\u0013ario garantir mecanismos adicionais\r\nde recon\fgura\u0018c~ao din^amica. Estes resultam de novos requisitos e.g. coordena\r\n\u0018c~ao de servi\u0018cos representando entidades bem distintas e/ou formando\r\naplica\u0018c~oes de larga escala, ou de requisitos aplicacionais que \u0013e\r\nnecess\u0013ario incorporar em tempo de execu\u0018c~ao do work\r\now. Neste trabalho\r\npropomos uma extens~ao com mecanismos de recon\fgura\u0018c~ao din^amica\r\nbaseados no conceito de padr~ao, de uma ferramenta de work\r\now da \u0013area\r\nde neg\u0013ocio, i.e. oferecendo orquestra\u0018c~ao de servi\u0018cos segundo um modelo\r\nde \r\nuxo de controlo. Os padr~oes implementados seguem o modelo de\r\n\r\nuxo de dados caracter\u0013\u0010stico da \u0013area cient\u0013\u0010\fca/sistemas de eventos. As\r\nrecon\fgura\u0018c~oes din^amicas s~ao bem de\fnidas e con\fnadas, dado que se\r\nrestringem a estes padr~oes."}}, {"pk": "Reducing memory footprint using object inlining in TribuSTM", "model": "server.publication", "fields": {"abstract": "-"}}, {"pk": "Reprodu\u00e7\u00e3o Probabil\u00edstica de Execu\u00e7\u00f5es na JVM em Multi-processadores", "model": "server.publication", "fields": {"abstract": "Programas concorrentes s~ao bastante vulner\u0013aveis a falhas devidas\r\na intera\u0018c~oes n~ao antecipadas entre tarefas paralelas, cuja reprodu\u0018c~ao e\r\nresolu\u0018c~ao tendem a ser muito demoradas devido \u0012a ine\fc\u0013acia das metodologias\r\nde depura\u0018c~ao convencionais neste contexto. Sistemas de reprodu\u0018c~ao\r\ndetermin\u0013\u0010stica de execu\u0018c~oes n~ao-determin\u0013\u0010sticas t^em di\fculdades com over-\r\nhead excessivo em multi-processadores. Descrevemos o trabalho em curso\r\nnum sistema de reprodu\u0018c~ao de programas da JVM que usa uma abordagem\r\nprobabil\u0013\u0010stica e opera na m\u0013aquina virtual. A ordem das opera\u0018c~oes\r\nde sincroniza\u0018c~ao \u0013e rastreada e, embora insu\fciente para reproduzir todas as\r\nexecu\u0018c~oes, \u0013e utilizada para realizar tentativas de reprodu\u0018c~ao da falha. As\r\ntentativas s~ao rastreadas por completo, permitindo a sua reprodu\u0018c~ao garantida.\r\nEvitamos o overhead introduzido por um rastreio completo durante\r\nexecu\u0018c~oes de produ\u0018c~ao, sacri\fcando a e\fci^encia e garantia da reprodu\u0018c~ao."}}, {"pk": "RFID and Arduino: Managing RFID Events on a Real World Prototype", "model": "server.publication", "fields": {"abstract": "Radio Frequency Identification (RFID) is a technology that\r\nis growing fast, becoming part of our daily lives more often and opening\r\nway to the Internet of Things. It can identify physical objects automatically,\r\nalmost in real-time. Unfortunately, the learning curve for the\r\ntechnology is steep and a variety of tools are necessary just to implement\r\na simple prototype.\r\nThis paper provides an introduction to RFID through the implementation\r\nof a prototype, covering both hardware and software. We have\r\ndeployed open-source software to monitor an Arduino robot carrying\r\ntagged objects in a small \u201cwarehouse\u201d."}}, {"pk": "Scheduling Analysis Principles and Tool for Time- and Space-Partitioned Systems", "model": "server.publication", "fields": {"abstract": "This paper describes the SAPIENT (Scheduling Analysis Principles\r\nand Tool for Time- and Space-Partitioned Systems) project, whose goal is to\r\nevolve the Cheddar real-time scheduling analysis tool with the application of\r\ntheoretical results for compositional hierarchical scheduling and time- and spacepartitioned\r\n(TSP) systems. Besides compositional scheduling analysis, the resulting\r\ntool shall also be able to produce feasible partition scheduling tables from the\r\ntiming requisites of the different applications in a TSP system."}}, {"pk": "Seguran\u00e7a de Dados em Aplica\u00e7\u00f5es Centradas em Dados por An\u00e1lise de Fluxo de Informa\u00e7\u00e3o", "model": "server.publication", "fields": {"abstract": "As aplica\u00e7\u00f5es centradas em dados e disponibilizadas na internet s\u00e3o\r\ncada vez mais pervasivas. Contudo, devido ao facto destas manipularem um volume\r\nelevado de dados, assim como ao meio em que estas s\u00e3o executadas ser por\r\nnatureza inseguro, \u00e9 frequente propiciaren falhas de seguran\u00e7a, nomeadamente\r\nrelativamente \u00e0 privacidade e a integridade dos dados que manipulam. O objectivo\r\ndeste artigo \u00e9 motivar, discutir e ilustrar uma t\u00e9cnica de an\u00e1lise de fluxo de\r\ninforma\u00e7\u00e3o sobre uma linguagem para modelar e programar aplica\u00e7\u00f5es centradas\r\nem dados com primitivas DML para manipula\u00e7\u00e3o e cria\u00e7\u00e3o de entidades relacionais\r\nde dados. As contribui\u00e7\u00f5es t\u00e9cnicas deste trabalho s\u00e3o duas: por um lado,\r\num estudo e caracteriza\u00e7\u00e3o precisa dos fluxos de informa\u00e7\u00e3o inseguros que podem\r\nocorrer em sistemas com primitivas t\u00edpicas de uma DML; assim como a\r\ndefini\u00e7\u00e3o da respectiva propriedade de n\u00e3o-interfer\u00eancia."}}, {"pk": "Sobre um Mecanismo de Sincroniza\u00e7\u00e3o baseado em Grupos de Recursos", "model": "server.publication", "fields": {"abstract": "A consolida\u0018c~ao do modelo de mem\u0013oria partilhada na programa\r\n\u0018c~ao de arquiteturas multi-core tem centrado aten\u0018c~oes no conhecido\r\nproblema da gest~ao de estado partilhado. Nessa medida este artigo prop~oe\r\num mecanismo de controlo de concorr^encia que permite a aquisi\u0018c~ao\r\nat\u0013omica, e mutualmente exclusiva, de conjuntos de recursos. A abordagem\r\ndistingui-se relativamente a outras na \u0013area por permitir composicionalidade\r\nlivre de deadlocks tanto em cen\u0013arios est\u0013aticos como din^amicos."}}, {"pk": "SolGlobal - Gest\u00e3o de organiza\u00e7\u00f5es sem fins lucrativos", "model": "server.publication", "fields": {"abstract": "-"}}, {"pk": "SwiftCloud: replica\u00e7\u00e3o sem coordena\u00e7\u00e3o", "model": "server.publication", "fields": {"abstract": "Os sistemas de cloud computing s\u00e3o usados para suportar\r\na execu\u00e7\u00e3o de servi\u00e7os numa escala global, muitas vezes recorrendo a\r\nreposit\u00f3rios chave-valor para armazenar os dados. Estes sistemas recorrem\r\na mecanismos de replica\u00e7\u00e3o otimista para fornecer uma elevada\r\ndisponibilidade e uma reduzida lat\u00eancia para os clientes. Para lidar com\r\nos potenciais con\u001ditos, utilizam solu\u00e7\u00f5es que levam a atualiza\u00e7\u00e3o perdidas\r\nou delegam nas aplica\u00e7\u00f5es o tratamento dos con\u001ditos. Recentemente,\r\nfoi proposta uma solu\u00e7\u00e3o que permtie uni\u001ccar automaticamente\r\nas atualiza\u00e7\u00f5es efetuadas concorrentemente recorrendo a uma novo conceito:\r\nos tipos de dados replicados livres de con\u001ditos, CRDTs. Neste\r\nartigo apresenta-se o SwiftCloud, um reposit\u00f3rio de dados chave-CRDT,\r\nque estende um normal reposit\u00f3rio chave-valor armazenando objetos que\r\ns\u00e3o CRDTs. Este sistema permite que as atualiza\u00e7\u00f5es efetuadas concorrentemente\r\nsejam uni\u001ccadas automaticamente. Adicionalmente, o sistema\r\nfornece um mecanismo de transa\u00e7\u00f5es com o modelo de isolamento\r\nmergeable snapshot isolation, no qual uma transa\u00e7\u00e3o acede a um snapshot\r\nconsistente da base de dados. Ao contr\u00e1rio dos modelos de isolamento\r\nnormais, as transa\u00e7\u00f5es nunca falham, sendo as escritas uni\u001c-\r\ncadas recorrendo \u00e0s propriedades dos CRDTs. Os resultados de avalia\r\n\u00e7\u00e3o mostram que o SwiftCloud imp\u00f5e uma penaliza\u00e7\u00e3o de desempenho\r\nmarginal quando comparado com um sistema de chave-valor normal, sem\r\no risco de existirem escritas perdidas."}}, {"pk": "The Ceph distributed storage system", "model": "server.publication", "fields": {"abstract": "-"}}, {"pk": "Toward the design quality evaluation of object-oriented software systems", "model": "server.publication", "fields": {"abstract": "This paper presents some advances towards the quantitative evaluation of design attributes of object-oriented software systems. We believe that these attributes can express the quality of internal structure, thus being strongly correlated with quality characteristics like analyzability, changeability, stability and testabilility, which are important to software developers and maintainers. An OO design metrics set is reviewed, along with its rationale. An experiment for collection and analysis of those metrics is described and several suppositions regarding the design are evaluated. A considerable number of class taxonomies written in the C++ language were used as a sample. A tool to collect those metrics was built and used for that purpose. Statistical analysis was performed to evaluate the collected data. Results show that some design heuristics can be derived and used to help guide the design process. It was also clear that a number of follow-up topics deserve further research."}}, {"pk": "TribuSTM - Efficient support for in-place metadata in DeuceSTM", "model": "server.publication", "fields": {"abstract": "-"}}, {"pk": "Trusted Civitas: Client Trust in CIVITAS Electronic Voting Protocol", "model": "server.publication", "fields": {"abstract": "Electronic voting promises the possibility of a convenient, efficient\r\nand safe way to capture and count votes in an election. Recently,\r\nClarkson et al. [4] proposed Civitas, a voting scheme that ensures both\r\nsecurity and privacy for the voter. In spite of its cryptographic robustness,\r\nCivitas is not yet ready to be used in the real world as it still\r\nhas significant vulnerabilities, namely regarding the trust in the voting\r\nclient. In this paper we propose a solution based in the usage of smart\r\ncards that is resilient against compromise of the voting client, maintains\r\nall the security and privacy properties of Civitas, and allows the user\r\nto have a confirmation of his cast vote at the expense of having another\r\ntrusted, but simple, central authority. With this proposal, we do not require\r\nthe existence of code cards that need to be issued for each election,\r\ncontrary to what is common for solving this problem."}}, {"pk": "Uma Infraestrutura para Suporte de Mem\u00f3ria Transacional Distribu\u00edda", "model": "server.publication", "fields": {"abstract": "As t\u00e9cnicas e algoritmos desenvolvidos sobre diferentes infraestruturas\r\nespec\u00edficas dificilmente podem ser comparados entre si. Este\r\nprinc\u00edpio tamb\u00e9m se aplica \u00e0s infraestruturas para execu\u00e7\u00e3o de Mem\u00f3ria\r\nTransacional Distribu\u00edda (MTD), pois n\u00e3o s\u00f3 s\u00e3o muito escassas aquelas\r\nque permitem o desenvolvimento, teste e compara\u00e7\u00e3o de v\u00e1rios algoritmos\r\ne t\u00e9cnicas de implementa\u00e7\u00e3o, como fornecem uma interface intrusiva\r\npara o programador. Sem uma compara\u00e7\u00e3o justa, n\u00e3o \u00e9 poss\u00edvel aferir\r\nquais as t\u00e9cnicas e algoritmos mais apropriados em cada contexto de utiliza\u00e7\u00e3o\r\n(workload). Neste artigo propomos uma infraestrutura generalista,\r\nmuito flex\u00edvel, que possibilita a experimenta\u00e7\u00e3o de v\u00e1rias estrat\u00e9gias de\r\nMTD, permitindo o desenvolvimento de uma grande variedade de algoritmos\r\ne de t\u00e9cnicas de implementa\u00e7\u00e3o eficientes e otimizadas. Atrav\u00e9s\r\nda sua utiliza\u00e7\u00e3o, \u00e9 agora poss\u00edvel a compara\u00e7\u00e3o de t\u00e9cnicas e algoritmos\r\nem diferentes contextos de utiliza\u00e7\u00e3o (workloads), recorrendo a uma\r\n\u00fanica infraestrutura e com implica\u00e7\u00f5es m\u00ednimas no c\u00f3digo da aplica\u00e7\u00e3o."}}, {"pk": "Verification of snapshot isolation anomalies in transactional memory Java programs", "model": "server.publication", "fields": {"abstract": "-"}}, {"pk": "VFC-RTS: Vector-Field Consistency for Real-Time-Strategy Multiplayer Games", "model": "server.publication", "fields": {"abstract": "Although massive multiplayer online games have established popularity,\r\nreal-time strategy (RTS) has not been considered a good candidate\r\nfor this model because of the limited number of players supported, large number\r\nof game entities and strong consistency requirements. To deal with this\r\nsituation, concepts such as continuous consistency and location-awareness\r\nhave proven useful in order to con\fne areas with consistency requirements.\r\nThe Vector-Field Consistency (VFC) model achieves a balance between these\r\nnotions by de\fning multiple zones of consistency around the player's location\r\n(pivot) with di\u000berent divergence boundaries. In this work we propose\r\nVFC-RTS, an adaptation of the VFC model, characterized for establishing\r\nconsistency degrees, to the RTS scenario, describing how the concepts of the\r\noriginal VFC model were adapted. We apply our solution to an open source\r\nRTS game with full consistency requirements and evaluate the results."}}, {"pk": "Xenomai Lab -- A Platform for Digital Real-Time Control", "model": "server.publication", "fields": {"abstract": "Most real-time Linux solutions have seen fairly low adoption\r\namong control engineers. The di\u000eculty of use and speci\fc computer science\r\nknowledge required have overshadowed the fact that many of these\r\nsolutions are free and open-source software.\r\nXenomai Lab is a free Linux application which attempts to bridge this\r\ngap by allowing control systems to be modeled in a visual form using\r\nblock diagrams. Each block represents a control algorithm written in C\r\nwhich may be edited by the user.\r\nThe resulting system runs in real-time with the enhanced performance\r\no\u000bered by the Xenomai framework. No prior knowledge of Xenomai is\r\nneeded as all calls to the the underlying system services are hidden from\r\nthe user. This makes the application adequate for use by control engineers\r\nwithout a background in real-time systems, as well as by entry level\r\nstudents of control engineering, robotics and related areas."}}, {"pk": "A study on the usage of third party libraries in Java applications", "model": "server.article", "fields": {"authors": ["joao.cachopo@ist.utl.pt", "marta.teixeira@ist.utl.pt"]}}, {"pk": "A UML Profile for Modeling IT Infrastructures", "model": "server.article", "fields": {"authors": ["fba@ist.utl.pt", "luisferreira@iscte.pt", "vmoreira@iscte.pt"]}}, {"pk": "ACode: Web-based System for Automatic Evaluation of Java Code", "model": "server.article", "fields": {"authors": ["alopes@iscte.pt", "marcospinto@iscte.pt"]}}, {"pk": "An Adaptive Model for Exposing WSN as a Service platform", "model": "server.article", "fields": {"authors": ["andre.gomes@fct.uc.pt", "d.nunes@fct.uc.pt", "jorge.silva@fct.uc.pt", "thanhdientran@fct.uc.pt"]}}, {"pk": "Aplica\u00e7\u00e3o do Fecho de Programas na Dete\u00e7\u00e3o de Anomalias de Concorr\u00eancia", "model": "server.article", "fields": {"authors": ["dg.sousa@fct.unl.pt", "farchi@il.ibm.com", "itais@il.ibm.com", "j.lourenco@fct.unl.pt"]}}, {"pk": "ARMY: a Deductive Verification Platform for ARM Programs Using Why3", "model": "server.article", "fields": {"authors": ["Jean-Christophe.Filliatre@Iri.fr", "mario.pereira@fc.up.pt", "simao@ubi.pt"]}}, {"pk": "Avalia\u00e7\u00e3o de um Sistema de Reputa\u00e7\u00e3o e Incentivo", "model": "server.article", "fields": {"authors": ["hugomiranda@fc.ul.pt", "nunocruz@fc.ul.pt"]}}, {"pk": "Benchmarking the EDGI Infrastructure", "model": "server.article", "fields": {"authors": ["faraujo@fct.uc.pt", "sherhiy@fct.uc.pt"]}}, {"pk": "Binary code obfuscation through C++ template metaprogramming", "model": "server.article", "fields": {"authors": ["faraujo@fct.uc.pt", "samuel@fct.uc.pt"]}}, {"pk": "C2FS: um Sistema de Ficheiros Seguro e Fi\u00e1vel para Cloud-of-clouds", "model": "server.article", "fields": {"authors": ["abessani@fc.ul.pt", "mpasin@fc.ul.pt", "rmendes@fc.ul.pt", "toliveira@fc.ul.pt"]}}, {"pk": "ChainReaction: uma Variante de Replica\u00e7\u00e3o em Cadeia com Coer\u00eancia Causal+", "model": "server.article", "fields": {"authors": ["jleitao@fct.unl.pt", "ler@ist.utl.pt", "salmeida@ist.utl.pt"]}}, {"pk": "Characterizing Inaccessibility in IEEE 802.15.4 Through Theoretical Models and Simulation Tools", "model": "server.article", "fields": {"authors": ["a.guerreiro@fc.ul.pt", "j.rufino@fc.ul.pt", "j.souza@fc.ul.pt"]}}, {"pk": "Cloud Agnostic Virtual Machine Image Service", "model": "server.article", "fields": {"authors": ["jpereira@ubi.pt", "paulo.prata@ubi.pt"]}}, {"pk": "Compara\u00e7\u00e3o de Mecanismos de Cancelamento de Difus\u00e3o", "model": "server.article", "fields": {"authors": ["carlos@uminho.pt", "hugomiranda@fc.ul.pt", "ruilima@fc.ul.pt"]}}, {"pk": "Desenho e Implementa\u00e7\u00e3o de uma Biblioteca de Padr\u00f5es Algor\u00edtmicos para GPGPU", "model": "server.article", "fields": {"authors": ["hpaulino@fct.unl.pt", "pm@fct.unl.pt", "rmarques@fct.unl.pt"]}}, {"pk": "DIVERSYS: DIVErse Rejuvenation SYStem", "model": "server.article", "fields": {"authors": ["abessani@fc.ul.pt", "m.garcia@fc.ul.pt", "n.neves@fc.ul.pt"]}}, {"pk": "FaceID-Cloud -- Face Identification Leveraging Utility and Cloud Computing", "model": "server.article", "fields": {"authors": ["luisveiga@ist.utl.pt", "rcaldeira@ist.utl.pt"]}}, {"pk": "FACMOVEL: Aplica\u00e7\u00e3o para Digitaliza\u00e7\u00e3o, Detec\u00e7\u00e3o e Classifica\u00e7\u00e3o Autom\u00e1tica de Recibos em Dispositivos M\u00f3veis", "model": "server.article", "fields": {"authors": ["mbatista@ipl.isel.pt", "pjorge@isel.pt", "pmorais@tekever.pt", "ruijesus@isel.pt"]}}, {"pk": "Filtros de preced\u00eancia: agrega\u00e7\u00e3o an\u00f3nima de dados de tr\u00e2nsito bluetooth", "model": "server.article", "fields": {"authors": ["carlos@uminho.pt", "miguel@uminho.pt", "nelson@uminho.pt", "rui@uminho.pt"]}}, {"pk": "Geo Ties - Localiza\u00e7\u00e3o em Conversas M\u00f3veis", "model": "server.article", "fields": {"authors": ["luiscarrico@fc.ul.pt", "luisduarte@fc.ul.pt", "tiago@fc.ul.pt"]}}, {"pk": "Gest\u00e3o de Estado Eficiente no Servi\u00e7o de Coordena\u00e7\u00e3o DDS", "model": "server.article", "fields": {"authors": ["abessani@fc.ul.pt", "jfelix@fc.ul.pt", "mcorreia@ist.utl.pt"]}}, {"pk": "Gest\u00e3o e Pesquisa de Dados Privados em Nuvens de Armazenamento", "model": "server.article", "fields": {"authors": ["b.ferreira@fct.unl.pt", "h.domingos@fct.unl.pt"]}}, {"pk": "Idroid - interest aware augmented reality", "model": "server.article", "fields": {"authors": ["luisveiga@ist.utl.pt", "paulo.ferreira@ist.utl.pt", "rbrilhante@ist.utl.pt"]}}, {"pk": "Internet das Coisas nos processos de neg\u00f3cio", "model": "server.article", "fields": {"authors": ["c.candido@fc.ul.pt", "d.domingos@fc.ul.pt", "f.martins@fc.ul.pt"]}}, {"pk": "Locality-Awareness and Continuous Consistency for Collaborative Software Development", "model": "server.article", "fields": {"authors": ["luisveiga@ist.utl.pt", "miguelmateus@ist.utl.pt", "paulo.ferreira@ist.utl.pt"]}}, {"pk": "Localiza\u00e7\u00e3o de C\u00f3digo por Demonstra\u00e7\u00e3o", "model": "server.article", "fields": {"authors": ["andresantos@fc.ul.pt"]}}, {"pk": "Message Oriented Middleware with QoS Support for Smart Grids", "model": "server.article", "fields": {"authors": ["abdel@isep.ipp.pt", "l.ferreira@isep.ipp.pt", "michele@isep.ipp.pt"]}}, {"pk": "Minimiza\u00e7\u00e3o de Perda de Pacotes em Sistemas de Dete\u00e7\u00e3o de Intrus\u00f5es", "model": "server.article", "fields": {"authors": ["carlosribeiro@ist.utl.pt", "paolo@ist.utl.pt", "t.picado@ist.utl.pt"]}}, {"pk": "MobUser: Uma plataforma para partilha de informa\u00e7\u00e3o centrada no utilizador para dispositivos m\u00f3veis", "model": "server.article", "fields": {"authors": ["carlosribeiro@ist.utl.pt", "jleitao@fct.unl.pt", "mauro.silva@ist.utl.pt"]}}, {"pk": "O vigia dos vigias: um servi\u00e7o RADIUS resiliente", "model": "server.article", "fields": {"authors": ["abessani@fc.ul.pt", "d.kreutz@fc.ul.pt", "mpasin@fc.ul.pt", "oleksandr@fc.ul.pt"]}}, {"pk": "Paraleliza\u00e7\u00e3o de C\u00f3digo Puro numa Linguagem Imperativa", "model": "server.article", "fields": {"authors": ["dg.sousa@fct.unl.pt", "jcmartins@fct.unl.pt", "joao.seco@fct.unl.pt"]}}, {"pk": "PEC: Protocolo Epid\u00e9mico para Centros de dados", "model": "server.article", "fields": {"authors": ["jleitao@fct.unl.pt", "ler@ist.utl.pt", "mbranco@ist.utl.pt"]}}, {"pk": "Powering 802.15.4/Zigbee Nodes on Harvested Energy", "model": "server.article", "fields": {"authors": ["f.ferreira@isec.pt", "j.amaro@isec.pt", "j.landeck@isec.pt", "j.marques@linkconsulting.pt", "r.cortesao@isec.pt"]}}, {"pk": "Puzzles: Explorando Designs Multimodais", "model": "server.article", "fields": {"authors": ["dmarques@fc.ul.pt", "jaimecarvalho@fc.ul.pt", "luiscarrico@fc.ul.pt", "luisduarte@fc.ul.pt"]}}, {"pk": "RATS - Resource Aware Thread Scheduling for JVM-level Clustering", "model": "server.article", "fields": {"authors": ["luisveiga@ist.utl.pt", "navaneeth@ist.utl.pt"]}}, {"pk": "Real-Time Scheduling of Parallel Tasks in the Linux Kernel", "model": "server.article", "fields": {"authors": ["c.maia@isep.ipp.pt", "j.fonseca@isep.ipp.pt", "j.mendes@ist.utl.pt", "l.nogueira@isep.ipp.pt", "l.pinho@isep.ipp.pt"]}}, {"pk": "Reconfigura\u00e7\u00e3o Din\u00e2mica Estruturada de Workflows de Servi\u00e7os Web", "model": "server.article", "fields": {"authors": ["cecilia.gomes@fct.unl.pt", "faraujo@fct.uc.pt", "hpaulino@fct.unl.pt"]}}, {"pk": "Reprodu\u00e7\u00e3o Probabil\u00edstica de Execu\u00e7\u00f5es na JVM em Multi-processadores", "model": "server.article", "fields": {"authors": ["joao.m.silva@ist.utl.pt", "luisveiga@ist.utl.pt"]}}, {"pk": "RFID and Arduino: Managing RFID Events on a Real World Prototype", "model": "server.article", "fields": {"authors": ["j.marques@linkconsulting.pt", "m.pardal@ist.utl.pt", "m.romano@linkconsulting.pt", "n.datia@fct.unl.pt", "nuno.correia@ist.utl.pt"]}}, {"pk": "Scheduling Analysis Principles and Tool for Time- and Space-Partitioned Systems", "model": "server.article", "fields": {"authors": ["a.plantec@ueb.fr", "f.singhoff@ueb.fr", "j.craveiro@fc.ul.pt", "j.fonseca@isep.ipp.pt", "j.rufino@fc.ul.pt", "j.souza@fc.ul.pt", "l.lemarchand@ueb.fr", "s.rubini@ueb.fr", "v.gaudel@ueb.fr"]}}, {"pk": "Seguran\u00e7a de Dados em Aplica\u00e7\u00f5es Centradas em Dados por An\u00e1lise de Fluxo de Informa\u00e7\u00e3o", "model": "server.article", "fields": {"authors": ["luis.caires@fct.unl.pt", "luisa.lourenco@campus.fct.unl.pt"]}}, {"pk": "Sobre um Mecanismo de Sincroniza\u00e7\u00e3o baseado em Grupos de Recursos", "model": "server.article", "fields": {"authors": ["hpaulino@fct.unl.pt", "n.delgado@fct.unl.pt"]}}, {"pk": "SwiftCloud: replica\u00e7\u00e3o sem coordena\u00e7\u00e3o", "model": "server.article", "fields": {"authors": ["nuno.preguica@fct.unl.pt", "valegas@fct.unl.pt", "vmoreira@iscte.pt"]}}, {"pk": "Trusted Civitas: Client Trust in CIVITAS Electronic Voting Protocol", "model": "server.article", "fields": {"authors": ["j.mendes@ist.utl.pt", "p.adao@ist.utl.pt", "p.tomas@ist.utl.pt"]}}, {"pk": "Uma Infraestrutura para Suporte de Mem\u00f3ria Transacional Distribu\u00edda", "model": "server.article", "fields": {"authors": ["j.lourenco@fct.unl.pt", "r.dias@fct.unl.pt", "t.vale@campus.fct.unl.pt"]}}, {"pk": "VFC-RTS: Vector-Field Consistency for Real-Time-Strategy Multiplayer Games", "model": "server.article", "fields": {"authors": ["luisveiga@ist.utl.pt", "m.cajadas@ist.utl.pt", "paulo.ferreira@ist.utl.pt"]}}, {"pk": "Xenomai Lab -- A Platform for Digital Real-Time Control", "model": "server.article", "fields": {"authors": ["a.mota@ua.pt", "j.azevedo@ua.pt", "j.rufino@fc.ul.pt", "p.pedreiras@ua.pt"]}}, {"pk": "Toward the design quality evaluation of object-oriented software systems", "model": "server.notpresentedpublication", "fields": {"authors": "Fernando Brito e Abreu, Miguel Goul\u00e3o, Rita Esteves"}}, {"pk": "Bluetooth security analysis for mobile phones", "model": "server.poster", "fields": {"authors": ["j.alfaiate@fc.ul.pt", "j.fonseca@fc.ul.pt"]}}, {"pk": "BrainMap - Preliminary studies for a navigation support system to explore graphs of document correlations", "model": "server.poster", "fields": {"authors": ["a.falcao@fct.unl.pt", "g.lopes@fct.unl.pt", "l.ferreira@isep.ipp.pt", "l.teixeira@fct.unl.pt", "r.raminhos@fct.unl.pt", "rita.ribeiro@fct.unl.pt"]}}, {"pk": "ConGu/Flasji - Uma ferramenta para localiza\u00e7\u00e3o de faltas em implementa\u00e7\u00f5es Java de especifica\u00e7\u00f5es alg\u00e9bricas", "model": "server.poster", "fields": {"authors": ["f.ferreira@isec.pt", "f.luis@fc.ul.pt", "i.nunes@fc.ul.pt"]}}, {"pk": "Data deduplication in Web prefetching systems", "model": "server.poster", "fields": {"authors": ["j.barreto@fct.unl.pt", "p.neves@fct.unl.pt", "paulo.ferreira@ist.utl.pt"]}}, {"pk": "Distributed heterogeneous computing with dOpenCL", "model": "server.poster", "fields": {"authors": ["a.alves@fc.ul.pt", "j.rufino@fc.ul.pt", "m.afonso@fc.ul.pt", "t.ribeiro@fc.ul.pt"]}}, {"pk": "Experimental validation of temporal isolation among dynamic communication channels", "model": "server.poster", "fields": {"authors": ["l.almeida@isep.ipp.pt", "p.araujo@fc.ul.pt", "p.silva@isep.ipp.pt", "r.marau@isep.ipp.pt"]}}, {"pk": "Modeling and developing oilfield application system based on multi-processor multi-core HPC cluster systems", "model": "server.poster", "fields": {"authors": ["b.faustino@fct.unl.pt", "bazargul@al-farabi.kz", "darhan@al-farabi.kz", "m.barata@isel.ipl.pt"]}}, {"pk": "Monitoriza\u00e7\u00e3o da dor", "model": "server.poster", "fields": {"authors": ["n.pombo@fc.ul.pt", "p.araujo@fc.ul.pt", "p.pedreiras@ua.pt"]}}, {"pk": "ReactOR", "model": "server.poster", "fields": {"authors": ["d.neves@ist.utl.pt", "f.sousa@ist.utl.pt", "p.ferreira@ist.utl.pt"]}}, {"pk": "Reducing memory footprint using object inlining in TribuSTM", "model": "server.poster", "fields": {"authors": ["h.martins@fct.unl.pt", "j.lourenco@fct.unl.pt", "r.dias@fct.unl.pt"]}}, {"pk": "SolGlobal - Gest\u00e3o de organiza\u00e7\u00f5es sem fins lucrativos", "model": "server.poster", "fields": {"authors": ["a.falcao@fct.unl.pt", "a.ramos@ist.utl.pt", "c.pinheiro@ist.utl.pt", "m.silveira@fc.ul.pt"]}}, {"pk": "The Ceph distributed storage system", "model": "server.poster", "fields": {"authors": ["j.luis@fct.unl.pt"]}}, {"pk": "TribuSTM - Efficient support for in-place metadata in DeuceSTM", "model": "server.poster", "fields": {"authors": ["j.lourenco@fct.unl.pt", "r.dias@fct.unl.pt", "t.vale@campus.fct.unl.pt"]}}, {"pk": "Verification of snapshot isolation anomalies in transactional memory Java programs", "model": "server.poster", "fields": {"authors": ["d.distefano@fct.unl.pt", "j.lourenco@fct.unl.pt", "joao.seco@fct.unl.pt", "r.dias@fct.unl.pt"]}}, {"pk": "ademar@fe.up.pt", "model": "server.organizationmember", "fields": {"conference": 1, "name": "Ademar Aguiar", "photo": "org_member/231081.jpg", "role": "CC", "country": "Portugal", "work_place": "FEUP"}}, {"pk": "amm@di.fct.unl.pt", "model": "server.organizationmember", "fields": {"conference": 1, "name": "Ana Moreira", "photo": "org_member/amm.jpg", "role": "CC", "country": "Portugal", "work_place": "FCTUNL"}}, {"pk": "carla.ferreira@di.fct.unl.pt", "model": "server.organizationmember", "fields": {"conference": 1, "name": "Carla Ferreira", "photo": "org_member/cferr.jpg", "role": "CO", "country": "Portugal", "work_place": "FCTUNL"}}, {"pk": "casim@di.fc.ul.pt", "model": "server.organizationmember", "fields": {"conference": 1, "name": "Ant\u00f3nio Casimiro", "photo": "org_member/casim-framed.jpg", "role": "CC", "country": "Portugal", "work_place": "Faculdade de Ci\u00eancias da Universidade de Lisboa"}}, {"pk": "cpm@di.fct.unl.pt", "model": "server.organizationmember", "fields": {"conference": 1, "name": "Carmen Morgado", "photo": "org_member/cpm.jpg", "role": "CO", "country": "Portugal", "work_place": "FCTUNL"}}, {"pk": "desousa@di.ubi.pt", "model": "server.organizationmember", "fields": {"conference": 1, "name": "Sim\u00e3o Sousa", "photo": "org_member/foto_porto.jpg", "role": "CC", "country": "Portugal", "work_place": "Universidade da Beira Interior"}}, {"pk": "joao.lourenco@fct.unl.pt", "model": "server.organizationmember", "fields": {"conference": 1, "name": "Jo\u00e3o Louren\u00e7o", "photo": "org_member/jml3.jpg", "role": "CO", "country": "Portugal", "work_place": "FCTUNL"}}, {"pk": "joao.seco@fct.unl.pt", "model": "server.organizationmember", "fields": {"conference": 1, "name": "Jo\u00e3o Seco", "photo": "org_member/jcs.jpg", "role": "CO", "country": "Portugal", "work_place": "FCTUNL"}}, {"pk": "jop@uminho.pt", "model": "server.organizationmember", "fields": {"conference": 1, "name": "Jos\u00e9 Orlando Pereira", "photo": "org_member/jop.jpg", "role": "CP", "country": "Portugal", "work_place": "Universidade do Minho"}}, {"pk": "jose@di.uminho.pt", "model": "server.organizationmember", "fields": {"conference": 1, "name": "Jos\u00e9 Lu\u00eds Faria", "photo": "", "role": "CO", "country": "Portugal", "work_place": "Universidade do Minho"}}, {"pk": "ler@ist.utl.pt", "model": "server.organizationmember", "fields": {"conference": 1, "name": "Lu\u00eds Rodrigues", "photo": "org_member/minema.JPG", "role": "CC", "country": "Portugal", "work_place": "IST"}}, {"pk": "lsb@di.uminho.pt", "model": "server.organizationmember", "fields": {"conference": 1, "name": "Lu\u00eds Soares Barbosa", "photo": "org_member/lsb2011.jpg", "role": "CC", "country": "Portugal", "work_place": "Universidade do Minho"}}, {"pk": "luis.caires@di.fct.unl.pt", "model": "server.organizationmember", "fields": {"conference": 1, "name": "Lu\u00eds Caires", "photo": "org_member/lc.jpg", "role": "CC", "country": "Portugal", "work_place": "FCTUNL"}}, {"pk": "mal@di.fc.ul.pt", "model": "server.organizationmember", "fields": {"conference": 1, "name": "Ant\u00f3nia Lopes", "photo": "org_member/mal3.jpg", "role": "CP", "country": "Portugal", "work_place": "Faculdade de Ci\u00eancias da Universidade de Lisboa"}}, {"pk": "miguelcorreia@ul.pt", "model": "server.organizationmember", "fields": {"conference": 1, "name": "Miguel Correia", "photo": "", "role": "CC", "country": "Portugal", "work_place": "Universidade de Lisboa"}}, {"pk": "mvieira@dei.uc.pt", "model": "server.organizationmember", "fields": {"conference": 1, "name": "Marco Vieira", "photo": "org_member/78_mvieira3.jpg", "role": "CC", "country": "Portugal", "work_place": "Universidade de Coimbra"}}, {"pk": "nuno.preguica@di.fct.unl.pt", "model": "server.organizationmember", "fields": {"conference": 1, "name": "Nuno Pregui\u00e7a", "photo": "org_member/nmp155.jpg", "role": "CO", "country": "Portugal", "work_place": "FCTUNL"}}, {"pk": "rbarbosa@dei.uc.pt", "model": "server.organizationmember", "fields": {"conference": 1, "name": "Raul Barbosa", "photo": "org_member/photo.jpg", "role": "CC", "country": "Portugal", "work_place": "Universidade de Coimbra"}}, {"pk": "rco@di.uminho.pt", "model": "server.organizationmember", "fields": {"conference": 1, "name": "Rui Oliveira", "photo": "org_member/rco.jpg", "role": "CC", "country": "Portugal", "work_place": "Universidade do Minho"}}, {"pk": "a.alves@fc.ul.pt", "model": "server.author", "fields": {"participant": null, "name": "Albano Alves", "photo": "authors/images_160.jpg", "contact": null, "country": "Portugal", "work_place": "FCUL"}}, {"pk": "a.falcao@fct.unl.pt", "model": "server.author", "fields": {"participant": null, "name": "Ant\u00f3nio Falc\u00e3o", "photo": "authors/antonio_falcao.jpg", "contact": null, "country": "Portugal", "work_place": "FCTUNL"}}, {"pk": "a.guerreiro@fc.ul.pt", "model": "server.author", "fields": {"participant": null, "name": "Andr\u00e9 Guerreiro", "photo": "authors/images_122.jpg", "contact": null, "country": "Portugal", "work_place": "FCUL"}}, {"pk": "a.mota@ua.pt", "model": "server.author", "fields": {"participant": null, "name": "Alexandre Mota", "photo": "authors/alexandre_mota.jpg", "contact": null, "country": "Portugal", "work_place": "UA"}}, {"pk": "a.plantec@ueb.fr", "model": "server.author", "fields": {"participant": null, "name": "Alain Plantec", "photo": "authors/alain_plantec.png", "contact": null, "country": "Fran\u00e7a", "work_place": "Universit\u00e9 de Bretagne Occidentale"}}, {"pk": "a.ramos@ist.utl.pt", "model": "server.author", "fields": {"participant": null, "name": "Ana Ramos", "photo": "authors/images_144.jpg", "contact": null, "country": "Portugal", "work_place": "IST"}}, {"pk": "abdel@isep.ipp.pt", "model": "server.author", "fields": {"participant": null, "name": "Abdel Rahman Alkhawaja", "photo": "authors/abdel_alkhawaja.jpg", "contact": null, "country": "Jord\u00e2nia", "work_place": "ISEP-IPP"}}, {"pk": "abessani@fc.ul.pt", "model": "server.author", "fields": {"participant": null, "name": "Alysson Bessani", "photo": "authors/alysson_bessani.jpg", "contact": null, "country": "Brasil", "work_place": "FCUL"}}, {"pk": "alopes@iscte.pt", "model": "server.author", "fields": {"participant": null, "name": "Ant\u00f3nio Lopes", "photo": "authors/antonio_luis_lopes.jpg", "contact": null, "country": "Portugal", "work_place": "ISCTE-IUL"}}, {"pk": "andre.gomes@fct.uc.pt", "model": "server.author", "fields": {"participant": null, "name": "Andr\u00e9 Gomes", "photo": "authors/images_91.jpg", "contact": null, "country": "Portugal", "work_place": "FCTUC"}}, {"pk": "andresantos@fc.ul.pt", "model": "server.author", "fields": {"participant": null, "name": "Andr\u00e9 Santos", "photo": "authors/Andre-santos.jpg", "contact": null, "country": "Portugal", "work_place": "FCUL"}}, {"pk": "b.faustino@fct.unl.pt", "model": "server.author", "fields": {"participant": null, "name": "Bruno Filipe Faustino", "photo": "authors/images_78.jpg", "contact": null, "country": "Portugal", "work_place": "FCTUNL"}}, {"pk": "b.ferreira@fct.unl.pt", "model": "server.author", "fields": {"participant": null, "name": "Bernardo Ferreira", "photo": "authors/Bernardo_Ferreira.jpg", "contact": null, "country": "Portugal", "work_place": "FCTUNL"}}, {"pk": "bazargul@al-farabi.kz", "model": "server.author", "fields": {"participant": null, "name": "Bazargul Matkerim", "photo": "authors/images_130.jpg", "contact": null, "country": "Cazaquist\u00e3o", "work_place": "Al-Farabi University"}}, {"pk": "c.candido@fc.ul.pt", "model": "server.author", "fields": {"participant": null, "name": "Carlos C\u00e2ndido", "photo": "authors/images_84.jpg", "contact": null, "country": "Portugal", "work_place": "FCUL"}}, {"pk": "c.maia@isep.ipp.pt", "model": "server.author", "fields": {"participant": null, "name": "Cl\u00e1udio Maia", "photo": "authors/claudio_maia.jpg", "contact": null, "country": "Portugal", "work_place": "ISEP-IPP"}}, {"pk": "c.pinheiro@ist.utl.pt", "model": "server.author", "fields": {"participant": null, "name": "Cristina Pinheiro", "photo": "authors/images_146.jpg", "contact": null, "country": "Portugal", "work_place": "IST"}}, {"pk": "carlos@uminho.pt", "model": "server.author", "fields": {"participant": null, "name": "Carlos Baquero", "photo": "authors/carlos_baquero.jpg", "contact": null, "country": "Portugal", "work_place": "UMinho"}}, {"pk": "carlosribeiro@ist.utl.pt", "model": "server.author", "fields": {"participant": null, "name": "Carlos Ribeiro", "photo": "authors/carlos_ribeiro.jpg", "contact": null, "country": "Portugal", "work_place": "IST"}}, {"pk": "cecilia.gomes@fct.unl.pt", "model": "server.author", "fields": {"participant": null, "name": "Cec\u00edlia Gomes", "photo": "authors/cecilia_gomes.jpg", "contact": null, "country": "Portugal", "work_place": "FCTUNL"}}, {"pk": "d.azevedo@fc.ul.pt", "model": "server.author", "fields": {"participant": null, "name": "Diamantino Azevedo", "photo": "authors/images_70.jpg", "contact": null, "country": "Portugal", "work_place": "FCUL"}}, {"pk": "d.distefano@fct.unl.pt", "model": "server.author", "fields": {"participant": null, "name": "Dino Distefano", "photo": "authors/images_140.jpg", "contact": null, "country": "Portugal", "work_place": "FCTUNL"}}, {"pk": "d.domingos@fc.ul.pt", "model": "server.author", "fields": {"participant": null, "name": "Dulce Domingos", "photo": "authors/dulce_domingos.jpg", "contact": null, "country": "Portugal", "work_place": "FCUL"}}, {"pk": "d.kreutz@fc.ul.pt", "model": "server.author", "fields": {"participant": null, "name": "Diego Kreutz", "photo": "authors/diego_kreutz.png", "contact": null, "country": "Brasil", "work_place": "FCUL"}}, {"pk": "d.neves@ist.utl.pt", "model": "server.author", "fields": {"participant": null, "name": "Diogo Telmo Neves", "photo": "authors/images_157.jpg", "contact": null, "country": "Portugal", "work_place": "IST"}}, {"pk": "d.nunes@fct.uc.pt", "model": "server.author", "fields": {"participant": null, "name": "David Nunes", "photo": "authors/images_90.jpg", "contact": null, "country": "Portugal", "work_place": "FCTUC"}}, {"pk": "darhan@al-farabi.kz", "model": "server.author", "fields": {"participant": null, "name": "Darhan Akmed-Zaki", "photo": "authors/images_131.jpg", "contact": null, "country": "Cazaquist\u00e3o", "work_place": "Al-Farabi University"}}, {"pk": "dg.sousa@fct.unl.pt", "model": "server.author", "fields": {"participant": null, "name": "Diogo G. Sousa", "photo": "authors/images_4.jpg", "contact": null, "country": "Portugal", "work_place": "FCTUNL"}}, {"pk": "dmarques@fc.ul.pt", "model": "server.author", "fields": {"participant": null, "name": "Diogo Marques", "photo": "authors/images_33.jpg", "contact": null, "country": "Portugal", "work_place": "FCUL"}}, {"pk": "f.araujo@fct.unl.pt", "model": "server.author", "fields": {"participant": null, "name": "Filipe Ara\u00fajo", "photo": "authors/filipe-ara\u00fajo.jpg", "contact": null, "country": "Portugal", "work_place": "FCTUNL"}}, {"pk": "f.ferreira@isec.pt", "model": "server.author", "fields": {"participant": null, "name": "Fernando Ferreira", "photo": "authors/images_128.jpg", "contact": null, "country": "Portugal", "work_place": "ISEC"}}, {"pk": "f.luis@fc.ul.pt", "model": "server.author", "fields": {"participant": null, "name": "Filipe Lu\u00eds", "photo": "authors/images_133.jpg", "contact": null, "country": "Portugal", "work_place": "FCUL"}}, {"pk": "f.martins@fc.ul.pt", "model": "server.author", "fields": {"participant": null, "name": "Francisco Martins", "photo": "authors/francisco_martin.png", "contact": null, "country": "Portugal", "work_place": "FCUL"}}, {"pk": "f.singhoff@ueb.fr", "model": "server.author", "fields": {"participant": null, "name": "Frank Singhoff", "photo": "authors/images_118.jpg", "contact": null, "country": "Fran\u00e7a", "work_place": "Universit\u00e9 de Bretagne Occidentale"}}, {"pk": "f.sousa@ist.utl.pt", "model": "server.author", "fields": {"participant": null, "name": "Francisco Sousa", "photo": "authors/images_155.jpg", "contact": null, "country": "Portugal", "work_place": "IST"}}, {"pk": "faraujo@fct.uc.pt", "model": "server.author", "fields": {"participant": null, "name": "Filipe Ara\u00fajo", "photo": "authors/images_17.jpg", "contact": null, "country": "Portugal", "work_place": "FCTUC"}}, {"pk": "farchi@il.ibm.com", "model": "server.author", "fields": {"participant": null, "name": "Eitan Farchi", "photo": "authors/eitan_farchi.jpg", "contact": null, "country": "Israel", "work_place": "IBM"}}, {"pk": "fba@ist.utl.pt", "model": "server.author", "fields": {"participant": null, "name": "Fernando Brito e Abreu", "photo": "authors/images_13.jpg", "contact": null, "country": "Portugal", "work_place": "ISCTE-IUL"}}, {"pk": "g.gaspar@fc.ul.pt", "model": "server.author", "fields": {"participant": null, "name": "Gra\u00e7a Gaspar", "photo": "authors/gra\u00e7a_gaspar.JPG", "contact": null, "country": "Portugal", "work_place": "FCUL"}}, {"pk": "g.lopes@fct.unl.pt", "model": "server.author", "fields": {"participant": null, "name": "Gabriel P. Lopes", "photo": "authors/gabriel_p_lopes.jpg", "contact": null, "country": "Portugal", "work_place": "FCTUNL"}}, {"pk": "h.domingos@fct.unl.pt", "model": "server.author", "fields": {"participant": null, "name": "Henrique Domingos", "photo": "authors/henrique_domingos.jpg", "contact": null, "country": "Portugal", "work_place": "FCTUNL"}}, {"pk": "h.martins@fct.unl.pt", "model": "server.author", "fields": {"participant": null, "name": "Helder Martins", "photo": "authors/helder-martins.jpg", "contact": null, "country": "Portugal", "work_place": "FCTUNL"}}, {"pk": "hpaulino@fct.unl.pt", "model": "server.author", "fields": {"participant": null, "name": "Herv\u00e9 Paulino", "photo": "authors/herve_paulino.jpg", "contact": null, "country": "Portugal", "work_place": "FCTUNL"}}, {"pk": "hugomiranda@fc.ul.pt", "model": "server.author", "fields": {"participant": null, "name": "Hugo Miranda", "photo": "authors/hugo_miranda.jpg", "contact": null, "country": "Portugal", "work_place": "FCUL"}}, {"pk": "i.nunes@fc.ul.pt", "model": "server.author", "fields": {"participant": null, "name": "Isabel Nunes", "photo": "authors/IsabelNunes.jpg", "contact": null, "country": "Portugal", "work_place": "FCUL"}}, {"pk": "itais@il.ibm.com", "model": "server.author", "fields": {"participant": null, "name": "Itai Segall", "photo": "authors/itai_segall.jpg", "contact": null, "country": "Israel", "work_place": "IBM"}}, {"pk": "j.alfaiate@fc.ul.pt", "model": "server.author", "fields": {"participant": null, "name": "Joao Alfaiate", "photo": "authors/images_151.jpg", "contact": null, "country": "Portugal", "work_place": "FCUL"}}, {"pk": "j.amaro@isec.pt", "model": "server.author", "fields": {"participant": null, "name": "Jose Pedro Amaro", "photo": "authors/images_126.jpg", "contact": null, "country": "Portugal", "work_place": "ISEC"}}, {"pk": "j.azevedo@ua.pt", "model": "server.author", "fields": {"participant": null, "name": "Jorge Azevedo", "photo": "authors/images_119.jpg", "contact": null, "country": "Portugal", "work_place": "UA"}}, {"pk": "j.barreto@fct.unl.pt", "model": "server.author", "fields": {"participant": null, "name": "Jo\u00e3o Barreto", "photo": "authors/images_154.jpg", "contact": null, "country": "Portugal", "work_place": "FCTUNL"}}, {"pk": "j.craveiro@fc.ul.pt", "model": "server.author", "fields": {"participant": null, "name": "Jo\u00e3o Pedro Craveiro", "photo": "authors/joao_pedro_craveiro.jpg", "contact": null, "country": "Portugal", "work_place": "FCUL"}}, {"pk": "j.fonseca@fc.ul.pt", "model": "server.author", "fields": {"participant": null, "name": "Jos\u00e9 Fonseca", "photo": "authors/images_152.jpg", "contact": null, "country": "Portugal", "work_place": "FCUL"}}, {"pk": "j.fonseca@isep.ipp.pt", "model": "server.author", "fields": {"participant": null, "name": "Jos\u00e9 Carlos Fonseca", "photo": "authors/images_107.jpg", "contact": null, "country": "Portugal", "work_place": "ISEP-IPP"}}, {"pk": "j.landeck@isec.pt", "model": "server.author", "fields": {"participant": null, "name": "Jorge Landeck", "photo": "authors/images_129.jpg", "contact": null, "country": "Portugal", "work_place": "ISEC"}}, {"pk": "j.lourenco@fct.unl.pt", "model": "server.author", "fields": {"participant": "joaolourenco", "name": "Jo\u00e3o Louren\u00e7o", "photo": "authors/jml.png", "contact": 5, "country": "Portugal", "work_place": "FCTUNL"}}, {"pk": "j.luis@fct.unl.pt", "model": "server.author", "fields": {"participant": null, "name": "Jo\u00e3o Lu\u00eds", "photo": "authors/images_150.jpg", "contact": null, "country": "Portugal", "work_place": "FCTUNL"}}, {"pk": "j.marques@linkconsulting.pt", "model": "server.author", "fields": {"participant": null, "name": "Jos\u00e9 A. Marques", "photo": "authors/images_96.jpg", "contact": null, "country": "Portugal", "work_place": "Link Consulting"}}, {"pk": "j.mendes@ist.utl.pt", "model": "server.author", "fields": {"participant": null, "name": "Jo\u00e3o Mendes", "photo": "authors/images_102.jpg", "contact": null, "country": "Portugal", "work_place": "IST"}}, {"pk": "j.rufino@fc.ul.pt", "model": "server.author", "fields": {"participant": null, "name": "Jos\u00e9 Rufino", "photo": "authors/images_113.jpg", "contact": null, "country": "Portugal", "work_place": "FCUL"}}, {"pk": "j.souza@fc.ul.pt", "model": "server.author", "fields": {"participant": null, "name": "Jeferson L. R. Souza", "photo": "authors/jeferson_l_r_souza.jpg", "contact": null, "country": "Brasil", "work_place": "FCUL"}}, {"pk": "jaimecarvalho@fc.ul.pt", "model": "server.author", "fields": {"participant": null, "name": "Jaime Carvalho", "photo": "authors/images_32.jpg", "contact": null, "country": "Portugal", "work_place": "FCUL"}}, {"pk": "jcmartins@fct.unl.pt", "model": "server.author", "fields": {"participant": null, "name": "Jo\u00e3o C. Martins", "photo": "authors/images_5.jpg", "contact": null, "country": "Portugal", "work_place": "FCTUNL"}}, {"pk": "Jean-Christophe.Filliatre@Iri.fr", "model": "server.author", "fields": {"participant": null, "name": "Jean-Christophe Filli\u00e2tre", "photo": "authors/jean_christophe_filliatre.jpg", "contact": null, "country": "Fran\u00e7a", "work_place": "CNRS"}}, {"pk": "jfelix@fc.ul.pt", "model": "server.author", "fields": {"participant": null, "name": "Jo\u00e3o F\u00e9lix", "photo": "authors/images_61.jpg", "contact": null, "country": "Portugal", "work_place": "FCUL"}}, {"pk": "jleitao@fct.unl.pt", "model": "server.author", "fields": {"participant": null, "name": "Jo\u00e3o Leit\u00e3o", "photo": "authors/joao_leitao.jpg", "contact": null, "country": "Portugal", "work_place": "FCTUNL"}}, {"pk": "jmp@fct.unl.pt", "model": "server.author", "fields": {"participant": null, "name": "Jo\u00e3o Moura-Pires", "photo": "authors/joao_moura_pires.jpg", "contact": null, "country": "Portugal", "work_place": "FCTUNL"}}, {"pk": "joao.cachopo@ist.utl.pt", "model": "server.author", "fields": {"participant": null, "name": "Jo\u00e3o Cachopo", "photo": "authors/joao_cachopo.jpg", "contact": null, "country": "Portugal", "work_place": "IST"}}, {"pk": "joao.m.silva@ist.utl.pt", "model": "server.author", "fields": {"participant": null, "name": "Jo\u00e3o Silva", "photo": "authors/joao_marques_silva.jpg", "contact": null, "country": "Portugal", "work_place": "IST"}}, {"pk": "joao.seco@fct.unl.pt", "model": "server.author", "fields": {"participant": null, "name": "Jo\u00e3o Costa Seco", "photo": "authors/joao_costa_seco.jpg", "contact": null, "country": "Portugal", "work_place": "FCTUNL"}}, {"pk": "jorge.silva@fct.uc.pt", "model": "server.author", "fields": {"participant": null, "name": "Jorge S\u00e1 Silva", "photo": "authors/jorge_sa_silva.jpg", "contact": null, "country": "Portugal", "work_place": "FCTUC"}}, {"pk": "joseandrade@emails.com", "model": "server.author", "fields": {"participant": "joseandrade", "name": "Jos\u00e9 Andrade", "photo": "authors/linux.jpg", "contact": 3, "country": "Portugal", "work_place": "FCT"}}, {"pk": "jpereira@ubi.pt", "model": "server.author", "fields": {"participant": null, "name": "Jo\u00e3o Pereira", "photo": "authors/images_67.jpg", "contact": null, "country": "Portugal", "work_place": "UBI"}}, {"pk": "l.almeida@isep.ipp.pt", "model": "server.author", "fields": {"participant": null, "name": "Lu\u00eds Almeida", "photo": "authors/images_149.jpg", "contact": null, "country": "Portugal", "work_place": "ISEP-IPP"}}, {"pk": "l.correia@fc.ul.pt", "model": "server.author", "fields": {"participant": null, "name": "Luis Correia", "photo": "authors/images_72.jpg", "contact": null, "country": "Portugal", "work_place": "FCUL"}}, {"pk": "l.ferreira@isep.ipp.pt", "model": "server.author", "fields": {"participant": null, "name": "Luis Lino Ferreira", "photo": "authors/luis_lino_ferreira.jpg", "contact": null, "country": "Portugal", "work_place": "ISEP-IPP"}}, {"pk": "l.lemarchand@ueb.fr", "model": "server.author", "fields": {"participant": null, "name": "Laurent Lemarchand", "photo": "authors/images_115.jpg", "contact": null, "country": "Fran\u00e7a", "work_place": "Universit\u00e9 de Bretagne Occidentale"}}, {"pk": "l.nogueira@isep.ipp.pt", "model": "server.author", "fields": {"participant": null, "name": "Luis Nogueira", "photo": "authors/luis_nogueira.jpg", "contact": null, "country": "Portugal", "work_place": "ISEP-IPP"}}, {"pk": "l.pinho@isep.ipp.pt", "model": "server.author", "fields": {"participant": null, "name": "Luis Miguel Pinho", "photo": "authors/luis_miguel_pinho.jpg", "contact": null, "country": "Portugal", "work_place": "ISEP-IPP"}}, {"pk": "l.teixeira@fct.unl.pt", "model": "server.author", "fields": {"participant": null, "name": "Luis Teixeira", "photo": "authors/luis-teixeira.jpg", "contact": null, "country": "Portugal", "work_place": "FCTUNL"}}, {"pk": "ler@ist.utl.pt", "model": "server.author", "fields": {"participant": null, "name": "Lu\u00eds Rodrigues", "photo": "authors/luis_rodrigues.JPG", "contact": null, "country": "Portugal", "work_place": "IST"}}, {"pk": "luis.caires@fct.unl.pt", "model": "server.author", "fields": {"participant": null, "name": "Lu\u00eds Caires", "photo": "authors/luis_caires.jpg", "contact": null, "country": "Portugal", "work_place": "FCTUNL"}}, {"pk": "luisa.lourenco@campus.fct.unl.pt", "model": "server.author", "fields": {"participant": null, "name": "Lu\u00edsa Louren\u00e7o", "photo": "authors/luisa_louren\u00e7o.jpg", "contact": null, "country": "Portugal", "work_place": "FCTUNL"}}, {"pk": "luiscarrico@fc.ul.pt", "model": "server.author", "fields": {"participant": null, "name": "Luis Carri\u00e7o", "photo": "authors/luis_carri\u00e7o.jpg", "contact": null, "country": "Portugal", "work_place": "FCUL"}}, {"pk": "luisduarte@fc.ul.pt", "model": "server.author", "fields": {"participant": null, "name": "Lu\u00eds Duarte", "photo": "authors/Luis_Duarte.jpg", "contact": null, "country": "Portugal", "work_place": "FCUL"}}, {"pk": "luisferreira@iscte.pt", "model": "server.author", "fields": {"participant": null, "name": "Lu\u00eds Ferreira Da Silva", "photo": "authors/images_15.jpg", "contact": null, "country": "Portugal", "work_place": "ISCTE"}}, {"pk": "luisveiga@ist.utl.pt", "model": "server.author", "fields": {"participant": null, "name": "Lu\u00eds Veiga", "photo": "authors/luis_veiga.jpg", "contact": null, "country": "Portugal", "work_place": "IST"}}, {"pk": "m.afonso@fc.ul.pt", "model": "server.author", "fields": {"participant": null, "name": "M\u00e1rio Afonso", "photo": "authors/images_159.jpg", "contact": null, "country": "Portugal", "work_place": "FCUL"}}, {"pk": "m.barata@isel.ipl.pt", "model": "server.author", "fields": {"participant": null, "name": "Manuel Barata", "photo": "authors/manuel_barata.jpg", "contact": null, "country": "Portugal", "work_place": "ISEL-IPL"}}, {"pk": "m.cajadas@ist.utl.pt", "model": "server.author", "fields": {"participant": null, "name": "Manuel Cajada", "photo": "authors/images_66.jpg", "contact": null, "country": "Portugal", "work_place": "IST"}}, {"pk": "m.carvalho@fm.ul.pt", "model": "server.author", "fields": {"participant": null, "name": "Mamede De Carvalho", "photo": "authors/images_75.jpg", "contact": null, "country": "Portugal", "work_place": "FMUL"}}, {"pk": "m.garcia@fc.ul.pt", "model": "server.author", "fields": {"participant": null, "name": "Miguel Garcia", "photo": "authors/miguel_garcia.jpg", "contact": null, "country": "Portugal", "work_place": "FCUL"}}, {"pk": "m.pardal@ist.utl.pt", "model": "server.author", "fields": {"participant": null, "name": "Miguel L. Pardal", "photo": "authors/miguel_l_pardal.jpg", "contact": null, "country": "Portugal", "work_place": "IST"}}, {"pk": "m.romano@linkconsulting.pt", "model": "server.author", "fields": {"participant": null, "name": "M\u00e1rio Romano", "photo": "authors/images_95.jpg", "contact": null, "country": "Portugal", "work_place": "Link Consulting"}}, {"pk": "m.santos@fct.unl.pt", "model": "server.author", "fields": {"participant": null, "name": "Manuel Santos", "photo": "authors/images_82.jpg", "contact": null, "country": "Portugal", "work_place": "FCTUNL"}}, {"pk": "m.silveira@fc.ul.pt", "model": "server.author", "fields": {"participant": null, "name": "Maria Silveira", "photo": "authors/images_145.jpg", "contact": null, "country": "Portugal", "work_place": "FCUL"}}, {"pk": "marcospinto@iscte.pt", "model": "server.author", "fields": {"participant": null, "name": "Marcos Pinto", "photo": "authors/marcos_andre_pinto.jpg", "contact": null, "country": "Portugal", "work_place": "ISCTE-IUL"}}, {"pk": "maribel.santos@uminho.pt", "model": "server.author", "fields": {"participant": null, "name": "Maribel Yasmina Santos", "photo": "authors/maribel_yasmina_santos.jpg", "contact": null, "country": "Portugal", "work_place": "UMinho"}}, {"pk": "mario.pereira@fc.up.pt", "model": "server.author", "fields": {"participant": null, "name": "M\u00e1rio Pereira", "photo": "authors/images_1.jpg", "contact": null, "country": "Portugal", "work_place": "FCUP"}}, {"pk": "marta.teixeira@ist.utl.pt", "model": "server.author", "fields": {"participant": null, "name": "Marta Teixeira", "photo": "authors/images_7.jpg", "contact": null, "country": "Portugal", "work_place": "IST"}}, {"pk": "mauro.silva@ist.utl.pt", "model": "server.author", "fields": {"participant": null, "name": "Mauro Silva", "photo": "authors/images_36.jpg", "contact": null, "country": "Portugal", "work_place": "IST"}}, {"pk": "mbatista@ipl.isel.pt", "model": "server.author", "fields": {"participant": null, "name": "Miguel Batista", "photo": "authors/images_39.jpg", "contact": null, "country": "Portugal", "work_place": "IPL-ISEL"}}, {"pk": "mbranco@ist.utl.pt", "model": "server.author", "fields": {"participant": null, "name": "Miguel Branco", "photo": "authors/images_54.jpg", "contact": null, "country": "Portugal", "work_place": "IST"}}, {"pk": "mcorreia@ist.utl.pt", "model": "server.author", "fields": {"participant": null, "name": "Miguel Correia", "photo": "authors/images_62.jpg", "contact": null, "country": "Portugal", "work_place": "IST"}}, {"pk": "michele@isep.ipp.pt", "model": "server.author", "fields": {"participant": null, "name": "Michele Albano", "photo": "authors/michele_albano.jpg", "contact": null, "country": "It\u00e1lia", "work_place": "ISEP-IPP"}}, {"pk": "miguel@uminho.pt", "model": "server.author", "fields": {"participant": null, "name": "Miguel Borges", "photo": "authors/images_28.jpg", "contact": null, "country": "Portugal", "work_place": "UMinho"}}, {"pk": "miguelmateus@ist.utl.pt", "model": "server.author", "fields": {"participant": null, "name": "Miguel Mateus", "photo": "authors/images_9.jpg", "contact": null, "country": "Portugal", "work_place": "IST"}}, {"pk": "mpasin@fc.ul.pt", "model": "server.author", "fields": {"participant": null, "name": "Marcelo Pasin", "photo": "authors/images_46.jpg", "contact": null, "country": "Brasil", "work_place": "FCUL"}}, {"pk": "n.datia@fct.unl.pt", "model": "server.author", "fields": {"participant": null, "name": "Nuno Datia", "photo": "authors/images_81.jpg", "contact": null, "country": "Portugal", "work_place": "FCTUNL"}}, {"pk": "n.delgado@fct.unl.pt", "model": "server.author", "fields": {"participant": null, "name": "Nuno Delgado", "photo": "authors/images_69.jpg", "contact": null, "country": "Portugal", "work_place": "FCTUNL"}}, {"pk": "n.neves@fc.ul.pt", "model": "server.author", "fields": {"participant": null, "name": "Nuno Neves", "photo": "authors/nuno_neves.jpg", "contact": null, "country": "Portugal", "work_place": "FCUL"}}, {"pk": "n.pombo@fc.ul.pt", "model": "server.author", "fields": {"participant": null, "name": "Nuno Pombo", "photo": "authors/images_143.jpg", "contact": null, "country": "Portugal", "work_place": "FCUL"}}, {"pk": "navaneeth@ist.utl.pt", "model": "server.author", "fields": {"participant": null, "name": "Navaneeth Rameshan", "photo": "authors/navaneeth-rameshan.jpg", "contact": null, "country": "Espanha", "work_place": "IST"}}, {"pk": "nelson@uminho.pt", "model": "server.author", "fields": {"participant": null, "name": "Nelson Gon\u00e7alves", "photo": "authors/images_25.jpg", "contact": null, "country": "Portugal", "work_place": "UMinho"}}, {"pk": "nuno.correia@fct.unl.pt", "model": "server.author", "fields": {"participant": null, "name": "Nuno Correia", "photo": "authors/NunoCorreia.jpg", "contact": null, "country": "Portugal", "work_place": "FCTUNL"}}, {"pk": "nuno.correia@ist.utl.pt", "model": "server.author", "fields": {"participant": null, "name": "Nuno Correia", "photo": "authors/images_93.jpg", "contact": null, "country": "Portugal", "work_place": "IST"}}, {"pk": "nuno.preguica@fct.unl.pt", "model": "server.author", "fields": {"participant": null, "name": "Nuno Pregui\u00e7a", "photo": "authors/nmp155.jpg", "contact": null, "country": "Portugal", "work_place": "FCTUNL"}}, {"pk": "nunocruz@fc.ul.pt", "model": "server.author", "fields": {"participant": null, "name": "Nuno Cruz", "photo": "authors/images_34.jpg", "contact": null, "country": "Portugal", "work_place": "FCUL"}}, {"pk": "oleksandr@fc.ul.pt", "model": "server.author", "fields": {"participant": null, "name": "Oleksandr Malichevskyy", "photo": "authors/oleksandr-malichevskyy.jpg", "contact": null, "country": "Ucr\u00e2nia", "work_place": "FCUL"}}, {"pk": "p.adao@ist.utl.pt", "model": "server.author", "fields": {"participant": null, "name": "Pedro Ad\u00e3o", "photo": "authors/pedro_adao.jpg", "contact": null, "country": "Portugal", "work_place": "IST"}}, {"pk": "p.araujo@fc.ul.pt", "model": "server.author", "fields": {"participant": null, "name": "Pedro Araujo", "photo": "authors/images_142.jpg", "contact": null, "country": "Portugal", "work_place": "FCUL"}}, {"pk": "p.ferreira@ist.utl.pt", "model": "server.author", "fields": {"participant": null, "name": "Pedro Ferreira", "photo": "authors/images_156.jpg", "contact": null, "country": "Portugal", "work_place": "IST"}}, {"pk": "p.neves@fct.unl.pt", "model": "server.author", "fields": {"participant": null, "name": "Pedro Neves", "photo": "authors/images_153.jpg", "contact": null, "country": "Portugal", "work_place": "FCTUNL"}}, {"pk": "p.pedreiras@ua.pt", "model": "server.author", "fields": {"participant": null, "name": "Paulo Pedreiras", "photo": "authors/paulo_pedreiras.jpg", "contact": null, "country": "Portugal", "work_place": "UA"}}, {"pk": "p.silva@isep.ipp.pt", "model": "server.author", "fields": {"participant": null, "name": "Pedro Silva", "photo": "authors/images_147.jpg", "contact": null, "country": "Portugal", "work_place": "ISEP-IPP"}}, {"pk": "p.tomas@ist.utl.pt", "model": "server.author", "fields": {"participant": null, "name": "Pedro Tom\u00e1s", "photo": "authors/pedro_tomas.jpg", "contact": null, "country": "Portugal", "work_place": "IST"}}, {"pk": "paolo@ist.utl.pt", "model": "server.author", "fields": {"participant": null, "name": "Paolo Romano", "photo": "authors/paolo_romano.png", "contact": null, "country": "It\u00e1lia", "work_place": "IST"}}, {"pk": "paulo.ferreira@ist.utl.pt", "model": "server.author", "fields": {"participant": null, "name": "Paulo Ferreira", "photo": "authors/paulo-ferreira.jpg", "contact": null, "country": "Portugal", "work_place": "IST"}}, {"pk": "paulo.prata@ubi.pt", "model": "server.author", "fields": {"participant": null, "name": "Paula Prata", "photo": "authors/paula_prata.jpg", "contact": null, "country": "Portugal", "work_place": "UBI"}}, {"pk": "pedro.amaral@ist.utl.pt", "model": "server.author", "fields": {"participant": null, "name": "Pedro M. T. Amaral", "photo": "authors/images_73.jpg", "contact": null, "country": "Portugal", "work_place": "IST"}}, {"pk": "pjorge@isel.pt", "model": "server.author", "fields": {"participant": null, "name": "Pedro Jorge", "photo": "authors/pedro_jorge.jpg", "contact": null, "country": "Portugal", "work_place": "IPL-ISEL"}}, {"pk": "pm@fct.unl.pt", "model": "server.author", "fields": {"participant": null, "name": "Pedro Medeiros", "photo": "authors/pedro_medeiros.jpg", "contact": null, "country": "Portugal", "work_place": "FCTUNL"}}, {"pk": "pmorais@tekever.pt", "model": "server.author", "fields": {"participant": null, "name": "Pedro Morais", "photo": "authors/pedro_morais.jpg", "contact": null, "country": "Portugal", "work_place": "TEKEVER"}}, {"pk": "r.cortesao@isec.pt", "model": "server.author", "fields": {"participant": null, "name": "Rui Cortes\u00e3o", "photo": "authors/rui_cortesao.gif", "contact": null, "country": "Portugal", "work_place": "ISEC"}}, {"pk": "r.dias@fct.unl.pt", "model": "server.author", "fields": {"participant": null, "name": "Ricardo Dias", "photo": "authors/ricardo_dias.jpg", "contact": null, "country": "Portugal", "work_place": "FCTUNL"}}, {"pk": "r.marau@isep.ipp.pt", "model": "server.author", "fields": {"participant": null, "name": "Ricardo Marau", "photo": "authors/ricardo_marau.jpg", "contact": null, "country": "Portugal", "work_place": "ISEP-IPP"}}, {"pk": "r.raminhos@fct.unl.pt", "model": "server.author", "fields": {"participant": null, "name": "Ricardo Raminhos", "photo": "authors/images_139.jpg", "contact": null, "country": "Portugal", "work_place": "FCTUNL"}}, {"pk": "r.silva@fct.unl.pt", "model": "server.author", "fields": {"participant": null, "name": "Ricardo Silva", "photo": "authors/images_83.jpg", "contact": null, "country": "Portugal", "work_place": "FCTUNL"}}, {"pk": "rbrilhante@ist.utl.pt", "model": "server.author", "fields": {"participant": null, "name": "Ricardo Brilhante", "photo": "authors/images_35.jpg", "contact": null, "country": "Portugal", "work_place": "IST"}}, {"pk": "rcaldeira@ist.utl.pt", "model": "server.author", "fields": {"participant": null, "name": "Ricardo Caldeira", "photo": "authors/images_63.jpg", "contact": null, "country": "Portugal", "work_place": "IST"}}, {"pk": "rita.ribeiro@fct.unl.pt", "model": "server.author", "fields": {"participant": null, "name": "Rita A. Ribeiro", "photo": "authors/images_136.jpg", "contact": null, "country": "Portugal", "work_place": "FCTUNL"}}, {"pk": "rmarques@fct.unl.pt", "model": "server.author", "fields": {"participant": null, "name": "Ricardo Marques", "photo": "authors/images_57.jpg", "contact": null, "country": "Portugal", "work_place": "FCTUNL"}}, {"pk": "rmendes@fc.ul.pt", "model": "server.author", "fields": {"participant": null, "name": "Ricardo Mendes", "photo": "authors/images_43.jpg", "contact": null, "country": "Portugal", "work_place": "FCUL"}}, {"pk": "rui@uminho.pt", "model": "server.author", "fields": {"participant": null, "name": "Rui Jos\u00e9", "photo": "authors/rui_jose.gif", "contact": null, "country": "Portugal", "work_place": "UMinho"}}, {"pk": "ruijesus@isel.pt", "model": "server.author", "fields": {"participant": null, "name": "Rui Jesus", "photo": "authors/rui_jesus.jpg", "contact": null, "country": "Portugal", "work_place": "IPL-ISEL"}}, {"pk": "ruilima@fc.ul.pt", "model": "server.author", "fields": {"participant": null, "name": "Rui Lima", "photo": "authors/images_22.jpg", "contact": null, "country": "Portugal", "work_place": "FCUL"}}, {"pk": "s.madeira@ist.utl.pt", "model": "server.author", "fields": {"participant": null, "name": "Sara C. Madeira", "photo": "authors/sara_madeira.jpg", "contact": null, "country": "Portugal", "work_place": "IST"}}, {"pk": "s.pinto@fm.ul.pt", "model": "server.author", "fields": {"participant": null, "name": "Susana Pinto", "photo": "authors/images_74.jpg", "contact": null, "country": "Portugal", "work_place": "FMUL"}}, {"pk": "s.rubini@ueb.fr", "model": "server.author", "fields": {"participant": null, "name": "Stephane Rubini", "photo": "authors/stephane_rubini.jpg", "contact": null, "country": "Fran\u00e7a", "work_place": "Universit\u00e9 de Bretagne Occidentale"}}, {"pk": "salmeida@ist.utl.pt", "model": "server.author", "fields": {"participant": null, "name": "S\u00e9rgio Almeida", "photo": "authors/images_60.jpg", "contact": null, "country": "Portugal", "work_place": "IST"}}, {"pk": "samuel@fct.uc.pt", "model": "server.author", "fields": {"participant": null, "name": "Samuel Neves", "photo": "authors/images_16.jpg", "contact": null, "country": "Portugal", "work_place": "FCTUC"}}, {"pk": "sherhiy@fct.uc.pt", "model": "server.author", "fields": {"participant": null, "name": "Serhiy Boychenko", "photo": "authors/images_47.jpg", "contact": null, "country": "Portugal", "work_place": "FCTUC"}}, {"pk": "simao@ubi.pt", "model": "server.author", "fields": {"participant": null, "name": "Sim\u00e3o Melo de Sousa", "photo": "authors/sim\u00e3o_melo_de_sousa.jpg", "contact": null, "country": "Portugal", "work_place": "UBI"}}, {"pk": "t.picado@ist.utl.pt", "model": "server.author", "fields": {"participant": null, "name": "Tiago Picado", "photo": "authors/images_103.jpg", "contact": null, "country": "Portugal", "work_place": "IST"}}, {"pk": "t.ribeiro@fc.ul.pt", "model": "server.author", "fields": {"participant": null, "name": "Tiago Ribeiro", "photo": "authors/images_158.jpg", "contact": null, "country": "Portugal", "work_place": "FCUL"}}, {"pk": "t.vale@campus.fct.unl.pt", "model": "server.author", "fields": {"participant": null, "name": "Tiago Vale", "photo": "authors/t.vale.jpg", "contact": null, "country": "Portugal", "work_place": "FCTUNL"}}, {"pk": "thanhdientran@fct.uc.pt", "model": "server.author", "fields": {"participant": null, "name": "Thanh-Dien Tran", "photo": "authors/images_89.jpg", "contact": null, "country": "Vietname", "work_place": "FCTUC"}}, {"pk": "tiago@fc.ul.pt", "model": "server.author", "fields": {"participant": null, "name": "Tiago Antunes", "photo": "authors/images_29.jpg", "contact": null, "country": "Portugal", "work_place": "FCUL"}}, {"pk": "toliveira@fc.ul.pt", "model": "server.author", "fields": {"participant": null, "name": "Tiago Oliveira", "photo": "authors/images_44.jpg", "contact": null, "country": "Portugal", "work_place": "FCUL"}}, {"pk": "v.gaudel@ueb.fr", "model": "server.author", "fields": {"participant": null, "name": "Vincent Gaudel", "photo": "authors/vincent_gaudel.jpg", "contact": null, "country": "Fran\u00e7a", "work_place": "Universit\u00e9 de Bretagne Occidentale"}}, {"pk": "valegas@fct.unl.pt", "model": "server.author", "fields": {"participant": null, "name": "Valter Balegas", "photo": "authors/images_52.jpg", "contact": null, "country": "Portugal", "work_place": "FCTUNL"}}, {"pk": "vmoreira@iscte.pt", "model": "server.author", "fields": {"participant": null, "name": "Victor Moreira", "photo": "authors/victor.moreira.jpg", "contact": null, "country": "Portugal", "work_place": "ISCTE"}}, {"pk": "j.valenca@uminho.pt", "model": "server.keynotespeaker", "fields": {"participant": null, "name": "Jos\u00e9 Manuel Valen\u00e7a", "author": null, "photo": "http://www.uminho.pt/Newsletters/HTMLExt/29/website/DSC00471-BN.jpg", "contact": null, "country": "Portugal", "work_place": "UMinho"}}, {"pk": "jose@mcs.le.ac.uk", "model": "server.keynotespeaker", "fields": {"participant": null, "name": "Jos\u00e9 Luiz Fiadeiro", "author": null, "photo": "keynote_speakers/images_1.jpg", "contact": null, "country": "Portugal", "work_place": "Royal Holloway - University of London"}}, {"pk": "l.alvisi@cs.utexas.edu", "model": "server.keynotespeaker", "fields": {"participant": null, "name": "Lorenzo Alvisi", "author": null, "photo": "keynote_speakers/images.jpg", "contact": null, "country": "It\u00e1lia", "work_place": "UT Austin"}}, {"pk": "l.cardelli@microsoft.com", "model": "server.keynotespeaker", "fields": {"participant": null, "name": "Luca Cardelli", "author": null, "photo": "keynote_speakers/images_2.jpg", "contact": null, "country": "It\u00e1lia", "work_place": "Microsoft"}}, {"pk": "luis.caires@fct.unl.pt", "model": "server.keynotespeaker", "fields": {"participant": null, "name": "Lu\u00eds Caires", "author": null, "photo": "http://citi.di.fct.unl.pt/member/members_photos/lc.jpg", "contact": null, "country": "Portugal", "work_place": "FCTUNL"}}, {"pk": "AnubisNetworks", "model": "server.sponsor", "fields": {"website": "http://www.anubisnetworks.com/", "logo": "sponsors/anubis.jpg", "conference": 1}}, {"pk": "CITI", "model": "server.sponsor", "fields": {"website": "http://citi.di.fct.unl.pt/", "logo": "sponsors/CITI.jpg", "conference": 1}}, {"pk": "CM Almada", "model": "server.sponsor", "fields": {"website": "http://www.m-almada.pt/", "logo": "sponsors/camara_almada.jpg", "conference": 1}}, {"pk": "CTC", "model": "server.sponsor", "fields": {"website": "http://cctc.di.uminho.pt/", "logo": "sponsors/ctc.png", "conference": 1}}, {"pk": "FCT", "model": "server.sponsor", "fields": {"website": "http://www.fct.pt/", "logo": "sponsors/FCT.jpg", "conference": 1}}, {"pk": "HASLab", "model": "server.sponsor", "fields": {"website": "http://wiki.di.uminho.pt/twiki/bin/view/DI/FMHAS/", "logo": "sponsors/hasLab.jpg", "conference": 1}}, {"pk": "LASIGE", "model": "server.sponsor", "fields": {"website": "http://lasige.di.fc.ul.pt/", "logo": "sponsors/lasige.jpg", "conference": 1}}, {"pk": "Ordem dos Engenheiros", "model": "server.sponsor", "fields": {"website": "http://www.ordemengenheiros.pt/", "logo": "sponsors/ordem_engenheiros.jpg", "conference": 1}}, {"pk": "Outsystems", "model": "server.sponsor", "fields": {"website": "http://www.outsystems.com/", "logo": "sponsors/OutSystems.jpg", "conference": 1}}, {"pk": "SAS Nova", "model": "server.sponsor", "fields": {"website": "http://sas.unl.pt/", "logo": "sponsors/logo_sas_small.png", "conference": 1}}, {"pk": "UNL", "model": "server.sponsor", "fields": {"website": "http://www.unl.pt/", "logo": "sponsors/unl.jpg", "conference": 1}}, {"pk": 1, "model": "auth.permission", "fields": {"codename": "add_permission", "name": "Can add permission", "content_type": 1}}, {"pk": 2, "model": "auth.permission", "fields": {"codename": "change_permission", "name": "Can change permission", "content_type": 1}}, {"pk": 3, "model": "auth.permission", "fields": {"codename": "delete_permission", "name": "Can delete permission", "content_type": 1}}, {"pk": 4, "model": "auth.permission", "fields": {"codename": "add_group", "name": "Can add group", "content_type": 2}}, {"pk": 5, "model": "auth.permission", "fields": {"codename": "change_group", "name": "Can change group", "content_type": 2}}, {"pk": 6, "model": "auth.permission", "fields": {"codename": "delete_group", "name": "Can delete group", "content_type": 2}}, {"pk": 7, "model": "auth.permission", "fields": {"codename": "add_user", "name": "Can add user", "content_type": 3}}, {"pk": 8, "model": "auth.permission", "fields": {"codename": "change_user", "name": "Can change user", "content_type": 3}}, {"pk": 9, "model": "auth.permission", "fields": {"codename": "delete_user", "name": "Can delete user", "content_type": 3}}, {"pk": 10, "model": "auth.permission", "fields": {"codename": "add_contenttype", "name": "Can add content type", "content_type": 4}}, {"pk": 11, "model": "auth.permission", "fields": {"codename": "change_contenttype", "name": "Can change content type", "content_type": 4}}, {"pk": 12, "model": "auth.permission", "fields": {"codename": "delete_contenttype", "name": "Can delete content type", "content_type": 4}}, {"pk": 13, "model": "auth.permission", "fields": {"codename": "add_session", "name": "Can add session", "content_type": 5}}, {"pk": 14, "model": "auth.permission", "fields": {"codename": "change_session", "name": "Can change session", "content_type": 5}}, {"pk": 15, "model": "auth.permission", "fields": {"codename": "delete_session", "name": "Can delete session", "content_type": 5}}, {"pk": 16, "model": "auth.permission", "fields": {"codename": "add_site", "name": "Can add site", "content_type": 6}}, {"pk": 17, "model": "auth.permission", "fields": {"codename": "change_site", "name": "Can change site", "content_type": 6}}, {"pk": 18, "model": "auth.permission", "fields": {"codename": "delete_site", "name": "Can delete site", "content_type": 6}}, {"pk": 19, "model": "auth.permission", "fields": {"codename": "add_participant", "name": "Can add participant", "content_type": 7}}, {"pk": 20, "model": "auth.permission", "fields": {"codename": "change_participant", "name": "Can change participant", "content_type": 7}}, {"pk": 21, "model": "auth.permission", "fields": {"codename": "delete_participant", "name": "Can delete participant", "content_type": 7}}, {"pk": 22, "model": "auth.permission", "fields": {"codename": "add_participantexchangeemailrelationship", "name": "Can add participant exchange email relationship", "content_type": 8}}, {"pk": 23, "model": "auth.permission", "fields": {"codename": "change_participantexchangeemailrelationship", "name": "Can change participant exchange email relationship", "content_type": 8}}, {"pk": 24, "model": "auth.permission", "fields": {"codename": "delete_participantexchangeemailrelationship", "name": "Can delete participant exchange email relationship", "content_type": 8}}, {"pk": 25, "model": "auth.permission", "fields": {"codename": "add_exchangepin", "name": "Can add exchange pin", "content_type": 9}}, {"pk": 26, "model": "auth.permission", "fields": {"codename": "change_exchangepin", "name": "Can change exchange pin", "content_type": 9}}, {"pk": 27, "model": "auth.permission", "fields": {"codename": "delete_exchangepin", "name": "Can delete exchange pin", "content_type": 9}}, {"pk": 28, "model": "auth.permission", "fields": {"codename": "add_contact", "name": "Can add contact", "content_type": 10}}, {"pk": 29, "model": "auth.permission", "fields": {"codename": "change_contact", "name": "Can change contact", "content_type": 10}}, {"pk": 30, "model": "auth.permission", "fields": {"codename": "delete_contact", "name": "Can delete contact", "content_type": 10}}, {"pk": 31, "model": "auth.permission", "fields": {"codename": "add_city", "name": "Can add city", "content_type": 11}}, {"pk": 32, "model": "auth.permission", "fields": {"codename": "change_city", "name": "Can change city", "content_type": 11}}, {"pk": 33, "model": "auth.permission", "fields": {"codename": "delete_city", "name": "Can delete city", "content_type": 11}}, {"pk": 34, "model": "auth.permission", "fields": {"codename": "add_sight", "name": "Can add sight", "content_type": 12}}, {"pk": 35, "model": "auth.permission", "fields": {"codename": "change_sight", "name": "Can change sight", "content_type": 12}}, {"pk": 36, "model": "auth.permission", "fields": {"codename": "delete_sight", "name": "Can delete sight", "content_type": 12}}, {"pk": 37, "model": "auth.permission", "fields": {"codename": "add_hotel", "name": "Can add hotel", "content_type": 13}}, {"pk": 38, "model": "auth.permission", "fields": {"codename": "change_hotel", "name": "Can change hotel", "content_type": 13}}, {"pk": 39, "model": "auth.permission", "fields": {"codename": "delete_hotel", "name": "Can delete hotel", "content_type": 13}}, {"pk": 40, "model": "auth.permission", "fields": {"codename": "add_restaurant", "name": "Can add restaurant", "content_type": 14}}, {"pk": 41, "model": "auth.permission", "fields": {"codename": "change_restaurant", "name": "Can change restaurant", "content_type": 14}}, {"pk": 42, "model": "auth.permission", "fields": {"codename": "delete_restaurant", "name": "Can delete restaurant", "content_type": 14}}, {"pk": 43, "model": "auth.permission", "fields": {"codename": "add_conference", "name": "Can add conference", "content_type": 15}}, {"pk": 44, "model": "auth.permission", "fields": {"codename": "change_conference", "name": "Can change conference", "content_type": 15}}, {"pk": 45, "model": "auth.permission", "fields": {"codename": "delete_conference", "name": "Can delete conference", "content_type": 15}}, {"pk": 46, "model": "auth.permission", "fields": {"codename": "add_event", "name": "Can add event", "content_type": 16}}, {"pk": 47, "model": "auth.permission", "fields": {"codename": "change_event", "name": "Can change event", "content_type": 16}}, {"pk": 48, "model": "auth.permission", "fields": {"codename": "delete_event", "name": "Can delete event", "content_type": 16}}, {"pk": 49, "model": "auth.permission", "fields": {"codename": "add_talksession", "name": "Can add talk session", "content_type": 17}}, {"pk": 50, "model": "auth.permission", "fields": {"codename": "change_talksession", "name": "Can change talk session", "content_type": 17}}, {"pk": 51, "model": "auth.permission", "fields": {"codename": "delete_talksession", "name": "Can delete talk session", "content_type": 17}}, {"pk": 52, "model": "auth.permission", "fields": {"codename": "add_postersession", "name": "Can add poster session", "content_type": 18}}, {"pk": 53, "model": "auth.permission", "fields": {"codename": "change_postersession", "name": "Can change poster session", "content_type": 18}}, {"pk": 54, "model": "auth.permission", "fields": {"codename": "delete_postersession", "name": "Can delete poster session", "content_type": 18}}, {"pk": 55, "model": "auth.permission", "fields": {"codename": "add_keynotesession", "name": "Can add keynote session", "content_type": 19}}, {"pk": 56, "model": "auth.permission", "fields": {"codename": "change_keynotesession", "name": "Can change keynote session", "content_type": 19}}, {"pk": 57, "model": "auth.permission", "fields": {"codename": "delete_keynotesession", "name": "Can delete keynote session", "content_type": 19}}, {"pk": 58, "model": "auth.permission", "fields": {"codename": "add_workshopsession", "name": "Can add workshop session", "content_type": 20}}, {"pk": 59, "model": "auth.permission", "fields": {"codename": "change_workshopsession", "name": "Can change workshop session", "content_type": 20}}, {"pk": 60, "model": "auth.permission", "fields": {"codename": "delete_workshopsession", "name": "Can delete workshop session", "content_type": 20}}, {"pk": 61, "model": "auth.permission", "fields": {"codename": "add_publication", "name": "Can add publication", "content_type": 21}}, {"pk": 62, "model": "auth.permission", "fields": {"codename": "change_publication", "name": "Can change publication", "content_type": 21}}, {"pk": 63, "model": "auth.permission", "fields": {"codename": "delete_publication", "name": "Can delete publication", "content_type": 21}}, {"pk": 64, "model": "auth.permission", "fields": {"codename": "add_article", "name": "Can add article", "content_type": 22}}, {"pk": 65, "model": "auth.permission", "fields": {"codename": "change_article", "name": "Can change article", "content_type": 22}}, {"pk": 66, "model": "auth.permission", "fields": {"codename": "delete_article", "name": "Can delete article", "content_type": 22}}, {"pk": 67, "model": "auth.permission", "fields": {"codename": "add_notpresentedpublication", "name": "Can add not presented publication", "content_type": 23}}, {"pk": 68, "model": "auth.permission", "fields": {"codename": "change_notpresentedpublication", "name": "Can change not presented publication", "content_type": 23}}, {"pk": 69, "model": "auth.permission", "fields": {"codename": "delete_notpresentedpublication", "name": "Can delete not presented publication", "content_type": 23}}, {"pk": 70, "model": "auth.permission", "fields": {"codename": "add_poster", "name": "Can add poster", "content_type": 24}}, {"pk": 71, "model": "auth.permission", "fields": {"codename": "change_poster", "name": "Can change poster", "content_type": 24}}, {"pk": 72, "model": "auth.permission", "fields": {"codename": "delete_poster", "name": "Can delete poster", "content_type": 24}}, {"pk": 73, "model": "auth.permission", "fields": {"codename": "add_organizationmember", "name": "Can add organization member", "content_type": 25}}, {"pk": 74, "model": "auth.permission", "fields": {"codename": "change_organizationmember", "name": "Can change organization member", "content_type": 25}}, {"pk": 75, "model": "auth.permission", "fields": {"codename": "delete_organizationmember", "name": "Can delete organization member", "content_type": 25}}, {"pk": 76, "model": "auth.permission", "fields": {"codename": "add_notification", "name": "Can add notification", "content_type": 26}}, {"pk": 77, "model": "auth.permission", "fields": {"codename": "change_notification", "name": "Can change notification", "content_type": 26}}, {"pk": 78, "model": "auth.permission", "fields": {"codename": "delete_notification", "name": "Can delete notification", "content_type": 26}}, {"pk": 79, "model": "auth.permission", "fields": {"codename": "add_author", "name": "Can add author", "content_type": 27}}, {"pk": 80, "model": "auth.permission", "fields": {"codename": "change_author", "name": "Can change author", "content_type": 27}}, {"pk": 81, "model": "auth.permission", "fields": {"codename": "delete_author", "name": "Can delete author", "content_type": 27}}, {"pk": 82, "model": "auth.permission", "fields": {"codename": "add_keynotespeaker", "name": "Can add keynote speaker", "content_type": 28}}, {"pk": 83, "model": "auth.permission", "fields": {"codename": "change_keynotespeaker", "name": "Can change keynote speaker", "content_type": 28}}, {"pk": 84, "model": "auth.permission", "fields": {"codename": "delete_keynotespeaker", "name": "Can delete keynote speaker", "content_type": 28}}, {"pk": 85, "model": "auth.permission", "fields": {"codename": "add_sponsor", "name": "Can add sponsor", "content_type": 29}}, {"pk": 86, "model": "auth.permission", "fields": {"codename": "change_sponsor", "name": "Can change sponsor", "content_type": 29}}, {"pk": 87, "model": "auth.permission", "fields": {"codename": "delete_sponsor", "name": "Can delete sponsor", "content_type": 29}}, {"pk": 88, "model": "auth.permission", "fields": {"codename": "add_device", "name": "Can add Device", "content_type": 30}}, {"pk": 89, "model": "auth.permission", "fields": {"codename": "change_device", "name": "Can change Device", "content_type": 30}}, {"pk": 90, "model": "auth.permission", "fields": {"codename": "delete_device", "name": "Can delete Device", "content_type": 30}}, {"pk": 91, "model": "auth.permission", "fields": {"codename": "add_logentry", "name": "Can add log entry", "content_type": 31}}, {"pk": 92, "model": "auth.permission", "fields": {"codename": "change_logentry", "name": "Can change log entry", "content_type": 31}}, {"pk": 93, "model": "auth.permission", "fields": {"codename": "delete_logentry", "name": "Can delete log entry", "content_type": 31}}, {"pk": 94, "model": "auth.permission", "fields": {"codename": "add_apiaccess", "name": "Can add api access", "content_type": 32}}, {"pk": 95, "model": "auth.permission", "fields": {"codename": "change_apiaccess", "name": "Can change api access", "content_type": 32}}, {"pk": 96, "model": "auth.permission", "fields": {"codename": "delete_apiaccess", "name": "Can delete api access", "content_type": 32}}, {"pk": 97, "model": "auth.permission", "fields": {"codename": "add_apikey", "name": "Can add api key", "content_type": 33}}, {"pk": 98, "model": "auth.permission", "fields": {"codename": "change_apikey", "name": "Can change api key", "content_type": 33}}, {"pk": 99, "model": "auth.permission", "fields": {"codename": "delete_apikey", "name": "Can delete api key", "content_type": 33}}, {"pk": 100, "model": "auth.permission", "fields": {"codename": "add_keynotespeaker", "name": "Can add keynote speaker", "content_type": 34}}, {"pk": 101, "model": "auth.permission", "fields": {"codename": "change_keynotespeaker", "name": "Can change keynote speaker", "content_type": 34}}, {"pk": 102, "model": "auth.permission", "fields": {"codename": "delete_keynotespeaker", "name": "Can delete keynote speaker", "content_type": 34}}, {"pk": 103, "model": "auth.permission", "fields": {"codename": "add_sponsor", "name": "Can add sponsor", "content_type": 35}}, {"pk": 104, "model": "auth.permission", "fields": {"codename": "change_sponsor", "name": "Can change sponsor", "content_type": 35}}, {"pk": 105, "model": "auth.permission", "fields": {"codename": "delete_sponsor", "name": "Can delete sponsor", "content_type": 35}}, {"pk": 1, "model": "auth.user", "fields": {"username": "admin", "first_name": "", "last_name": "", "is_active": true, "is_superuser": true, "is_staff": true, "last_login": "2013-06-24T17:01:17", "groups": [], "user_permissions": [], "password": "21232f297a57a5a743894a0e4a801fc3", "email": "", "date_joined": "2013-06-14T12:29:56"}}, {"pk": 2, "model": "auth.user", "fields": {"username": "joseandrade", "first_name": "", "last_name": "", "is_active": true, "is_superuser": false, "is_staff": false, "last_login": "2013-06-14T12:41:33", "groups": [], "user_permissions": [], "password": "662eaa47199461d01a623884080934ab", "email": "", "date_joined": "2013-06-14T12:41:33"}}, {"pk": 3, "model": "auth.user", "fields": {"username": "luisjorge", "first_name": "", "last_name": "", "is_active": true, "is_superuser": false, "is_staff": false, "last_login": "2013-06-19T22:28:03", "groups": [], "user_permissions": [], "password": "502ff82f7f1f8218dd41201fe4353687", "email": "", "date_joined": "2013-06-19T22:28:03"}}, {"pk": 4, "model": "auth.user", "fields": {"username": "joaolourenco", "first_name": "", "last_name": "", "is_active": true, "is_superuser": false, "is_staff": false, "last_login": "2013-06-20T12:42:25", "groups": [], "user_permissions": [], "password": "dccd96c256bc7dd39bae41a405f25e43", "email": "", "date_joined": "2013-06-20T12:42:25"}}, {"pk": 5, "model": "auth.user", "fields": {"username": "teste", "first_name": "", "last_name": "", "is_active": true, "is_superuser": false, "is_staff": false, "last_login": "2013-06-21T15:30:34", "groups": [], "user_permissions": [], "password": "6e7906b7fb3f8e1c6366c0910050e595", "email": "", "date_joined": "2013-06-21T15:30:34"}}, {"pk": 1, "model": "admin.logentry", "fields": {"action_flag": 2, "action_time": "2013-06-21T15:28:27", "object_repr": "luisjorge", "object_id": "luisjorge", "change_message": "Foi modificado last_modified_date.", "user": 1, "content_type": 7}}, {"pk": 2, "model": "admin.logentry", "fields": {"action_flag": 2, "action_time": "2013-06-21T15:28:34", "object_repr": "joseandrade", "object_id": "joseandrade", "change_message": "Foi modificado last_modified_date.", "user": 1, "content_type": 7}}, {"pk": 3, "model": "admin.logentry", "fields": {"action_flag": 2, "action_time": "2013-06-21T15:28:38", "object_repr": "joaolourenco", "object_id": "joaolourenco", "change_message": "Foi modificado last_modified_date.", "user": 1, "content_type": 7}}, {"pk": 4, "model": "admin.logentry", "fields": {"action_flag": 1, "action_time": "2013-06-21T15:30:35", "object_repr": "teste", "object_id": "5", "change_message": "", "user": 1, "content_type": 3}}, {"pk": 5, "model": "admin.logentry", "fields": {"action_flag": 2, "action_time": "2013-06-23T17:11:38", "object_repr": "Ci\u00eancia e Engenharia de Software 2", "object_id": "16", "change_message": "Foi modificado time.", "user": 1, "content_type": 22}}, {"pk": 6, "model": "admin.logentry", "fields": {"action_flag": 2, "action_time": "2013-06-23T17:13:03", "object_repr": "Sistemas Embebidos e de Tempo-Real 2", "object_id": "15", "change_message": "Foi modificado time.", "user": 1, "content_type": 22}}, {"pk": 7, "model": "admin.logentry", "fields": {"action_flag": 2, "action_time": "2013-06-23T17:14:25", "object_repr": "Computa\u00e7\u00e3o Paralela, Distribu\u00edda e de Larga Escala 3", "object_id": "14", "change_message": "Foi modificado time.", "user": 1, "content_type": 22}}, {"pk": 8, "model": "admin.logentry", "fields": {"action_flag": 1, "action_time": "2013-06-24T17:03:46", "object_repr": "Ant\u00f3nia Lopes", "object_id": "mal@di.fc.ul.pt", "change_message": "", "user": 1, "content_type": 31}}, {"pk": 9, "model": "admin.logentry", "fields": {"action_flag": 2, "action_time": "2013-06-24T17:04:08", "object_repr": "Ant\u00f3nia Lopes", "object_id": "mal@di.fc.ul.pt", "change_message": "Foi modificado photo.", "user": 1, "content_type": 31}}, {"pk": 10, "model": "admin.logentry", "fields": {"action_flag": 1, "action_time": "2013-06-24T17:05:02", "object_repr": "Jos\u00e9 Orlando Pereira", "object_id": "jop@uminho.pt", "change_message": "", "user": 1, "content_type": 31}}, {"pk": 11, "model": "admin.logentry", "fields": {"action_flag": 1, "action_time": "2013-06-24T17:06:16", "object_repr": "Jo\u00e3o Louren\u00e7o", "object_id": "joao.lourenco@fct.unl.pt", "change_message": "", "user": 1, "content_type": 31}}, {"pk": 12, "model": "admin.logentry", "fields": {"action_flag": 1, "action_time": "2013-06-24T17:07:09", "object_repr": "Nuno Pregui\u00e7a", "object_id": "nuno.preguica@di.fct.unl.pt", "change_message": "", "user": 1, "content_type": 31}}, {"pk": 13, "model": "admin.logentry", "fields": {"action_flag": 1, "action_time": "2013-06-24T17:07:56", "object_repr": "Carla Ferreira", "object_id": "carla.ferreira@di.fct.unl.pt", "change_message": "", "user": 1, "content_type": 31}}, {"pk": 14, "model": "admin.logentry", "fields": {"action_flag": 1, "action_time": "2013-06-24T17:08:44", "object_repr": "jo\u00e3o Seco", "object_id": "joao.seco@fct.unl.pt", "change_message": "", "user": 1, "content_type": 31}}, {"pk": 15, "model": "admin.logentry", "fields": {"action_flag": 1, "action_time": "2013-06-24T17:09:21", "object_repr": "Carmen Morgado", "object_id": "cpm@di.fct.unl.pt", "change_message": "", "user": 1, "content_type": 31}}, {"pk": 16, "model": "admin.logentry", "fields": {"action_flag": 1, "action_time": "2013-06-24T17:11:44", "object_repr": "Jos\u00e9 Lu\u00eds Faria", "object_id": "jose@di.uminho.pt", "change_message": "", "user": 1, "content_type": 31}}, {"pk": 17, "model": "admin.logentry", "fields": {"action_flag": 1, "action_time": "2013-06-24T17:12:34", "object_repr": "Ademar Aguiar", "object_id": "ademar@fe.up.pt", "change_message": "", "user": 1, "content_type": 31}}, {"pk": 18, "model": "admin.logentry", "fields": {"action_flag": 1, "action_time": "2013-06-24T17:13:10", "object_repr": "Ana Moreira", "object_id": "amm@di.fct.unl.pt", "change_message": "", "user": 1, "content_type": 31}}, {"pk": 19, "model": "admin.logentry", "fields": {"action_flag": 1, "action_time": "2013-06-24T17:14:00", "object_repr": "Ant\u00f3nio Casimiro", "object_id": "casim@di.fc.ul.pt", "change_message": "", "user": 1, "content_type": 31}}, {"pk": 20, "model": "admin.logentry", "fields": {"action_flag": 1, "action_time": "2013-06-24T17:14:49", "object_repr": "Lu\u00eds Caires", "object_id": "luis.caires@di.fct.unl.pt", "change_message": "", "user": 1, "content_type": 31}}, {"pk": 21, "model": "admin.logentry", "fields": {"action_flag": 1, "action_time": "2013-06-24T17:15:37", "object_repr": "Lu\u00eds Soares Barbosa", "object_id": "lsb@di.uminho.pt", "change_message": "", "user": 1, "content_type": 31}}, {"pk": 22, "model": "admin.logentry", "fields": {"action_flag": 1, "action_time": "2013-06-24T17:16:17", "object_repr": "Lu\u00eds Rodrigues", "object_id": "ler@ist.utl.pt", "change_message": "", "user": 1, "content_type": 31}}, {"pk": 23, "model": "admin.logentry", "fields": {"action_flag": 1, "action_time": "2013-06-24T17:17:01", "object_repr": "Marco Vieira", "object_id": "mvieira@dei.uc.pt", "change_message": "", "user": 1, "content_type": 31}}, {"pk": 24, "model": "admin.logentry", "fields": {"action_flag": 1, "action_time": "2013-06-24T17:18:40", "object_repr": "Miguel Correia", "object_id": "miguelcorreia@ul.pt", "change_message": "", "user": 1, "content_type": 31}}, {"pk": 25, "model": "admin.logentry", "fields": {"action_flag": 1, "action_time": "2013-06-24T17:19:17", "object_repr": "Raul Barbosa", "object_id": "rbarbosa@dei.uc.pt", "change_message": "", "user": 1, "content_type": 31}}, {"pk": 26, "model": "admin.logentry", "fields": {"action_flag": 1, "action_time": "2013-06-24T17:20:05", "object_repr": "Rui Oliveira", "object_id": "rco@di.uminho.pt", "change_message": "", "user": 1, "content_type": 31}}, {"pk": 27, "model": "admin.logentry", "fields": {"action_flag": 1, "action_time": "2013-06-24T17:21:04", "object_repr": "Sim\u00e3o Sousa", "object_id": "desousa@di.ubi.pt", "change_message": "", "user": 1, "content_type": 31}}, {"pk": 28, "model": "admin.logentry", "fields": {"action_flag": 3, "action_time": "2013-06-24T17:21:10", "object_repr": "Jorge Cust\u00f3dio", "object_id": "sedasd@asdasd.com", "change_message": "", "user": 1, "content_type": 31}}, {"pk": 29, "model": "admin.logentry", "fields": {"action_flag": 2, "action_time": "2013-06-24T17:22:48", "object_repr": "Lorenzo Alvisi (UT Austin)", "object_id": "25", "change_message": "Foi modificado keynotes e description.", "user": 1, "content_type": 24}}, {"pk": 30, "model": "admin.logentry", "fields": {"action_flag": 3, "action_time": "2013-06-24T17:23:04", "object_repr": "Lorenzo Alvisi (UT Austin)-", "object_id": "12", "change_message": "", "user": 1, "content_type": 24}}, {"pk": 31, "model": "admin.logentry", "fields": {"action_flag": 2, "action_time": "2013-06-24T17:23:15", "object_repr": "Jos\u00e9 Luiz Fiadeiro (Royal Holloway, University of London)", "object_id": "19", "change_message": "Foi modificado description.", "user": 1, "content_type": 24}}, {"pk": 32, "model": "admin.logentry", "fields": {"action_flag": 2, "action_time": "2013-06-24T17:23:38", "object_repr": "Lorenzo Alvisi (UT Austin)", "object_id": "25", "change_message": "Foi modificado time.", "user": 1, "content_type": 24}}, {"pk": 33, "model": "admin.logentry", "fields": {"action_flag": 2, "action_time": "2013-06-24T17:24:03", "object_repr": "Abertura+Sess\u00e3o Turing", "object_id": "2", "change_message": "Foi modificado time e duration.", "user": 1, "content_type": 24}}, {"pk": 34, "model": "admin.logentry", "fields": {"action_flag": 2, "action_time": "2013-06-24T17:25:30", "object_repr": "Ci\u00eancia e Engenharia de Software", "object_id": "24", "change_message": "Foi modificado time e duration.", "user": 1, "content_type": 21}}, {"pk": 35, "model": "admin.logentry", "fields": {"action_flag": 2, "action_time": "2013-06-24T17:25:45", "object_repr": "Computa\u00e7\u00e3o Paralela, Distribu\u00edda e de Larga Escala 4", "object_id": "23", "change_message": "Foi modificado time.", "user": 1, "content_type": 21}}, {"pk": 36, "model": "admin.logentry", "fields": {"action_flag": 2, "action_time": "2013-06-24T17:26:17", "object_repr": "Pausa para caf\u00e9", "object_id": "22", "change_message": "Foi modificado time.", "user": 1, "content_type": 21}}, {"pk": 37, "model": "admin.logentry", "fields": {"action_flag": 2, "action_time": "2013-06-24T17:26:50", "object_repr": "Internet das Coisas e Servi\u00e7os", "object_id": "21", "change_message": "Foi modificado time.", "user": 1, "content_type": 21}}, {"pk": 38, "model": "admin.logentry", "fields": {"action_flag": 2, "action_time": "2013-06-24T17:27:01", "object_repr": "Computa\u00e7\u00e3o M\u00f3vel e Ub\u00edqua 2", "object_id": "20", "change_message": "Foi modificado time.", "user": 1, "content_type": 21}}, {"pk": 39, "model": "admin.logentry", "fields": {"action_flag": 2, "action_time": "2013-06-24T17:27:15", "object_repr": "Jos\u00e9 Luiz Fiadeiro (Royal Holloway, University of London)", "object_id": "19", "change_message": "Foi modificado time.", "user": 1, "content_type": 21}}, {"pk": 40, "model": "admin.logentry", "fields": {"action_flag": 2, "action_time": "2013-06-24T17:27:24", "object_repr": "Sess\u00e3o de Posters", "object_id": "18", "change_message": "Foi modificado time.", "user": 1, "content_type": 21}}, {"pk": 41, "model": "admin.logentry", "fields": {"action_flag": 2, "action_time": "2013-06-24T17:27:35", "object_repr": "Almo\u00e7o", "object_id": "17", "change_message": "Foi modificado time.", "user": 1, "content_type": 21}}, {"pk": 42, "model": "admin.logentry", "fields": {"action_flag": 2, "action_time": "2013-06-24T17:27:50", "object_repr": "Ci\u00eancia e Engenharia de Software 2", "object_id": "16", "change_message": "Foi modificado time e duration.", "user": 1, "content_type": 21}}, {"pk": 43, "model": "admin.logentry", "fields": {"action_flag": 2, "action_time": "2013-06-24T17:28:01", "object_repr": "Sistemas Embebidos e de Tempo-Real 2", "object_id": "15", "change_message": "Foi modificado time.", "user": 1, "content_type": 21}}, {"pk": 44, "model": "admin.logentry", "fields": {"action_flag": 2, "action_time": "2013-06-24T17:28:34", "object_repr": "Pausa para caf\u00e9", "object_id": "13", "change_message": "Foi modificado time.", "user": 1, "content_type": 21}}, {"pk": 45, "model": "admin.logentry", "fields": {"action_flag": 2, "action_time": "2013-06-24T17:29:00", "object_repr": "Jantar", "object_id": "11", "change_message": "Foi modificado time e duration.", "user": 1, "content_type": 21}}, {"pk": 46, "model": "admin.logentry", "fields": {"action_flag": 2, "action_time": "2013-06-24T17:29:09", "object_repr": "Reuni\u00e3o", "object_id": "10", "change_message": "Foi modificado time.", "user": 1, "content_type": 21}}, {"pk": 47, "model": "admin.logentry", "fields": {"action_flag": 2, "action_time": "2013-06-24T17:29:25", "object_repr": "Ci\u00eancia e Engenharia do Software 1", "object_id": "9", "change_message": "Foi modificado time.", "user": 1, "content_type": 21}}, {"pk": 48, "model": "admin.logentry", "fields": {"action_flag": 2, "action_time": "2013-06-24T17:29:43", "object_repr": "Sistemas Embebidos e de Tempo-Real 1", "object_id": "8", "change_message": "Foi modificado time.", "user": 1, "content_type": 21}}, {"pk": 49, "model": "admin.logentry", "fields": {"action_flag": 2, "action_time": "2013-06-24T17:29:52", "object_repr": "Computa\u00e7\u00e3o Paralela, Distribu\u00edda e de Larga Escala 2", "object_id": "7", "change_message": "Foi modificado time.", "user": 1, "content_type": 21}}, {"pk": 50, "model": "admin.logentry", "fields": {"action_flag": 2, "action_time": "2013-06-24T17:30:06", "object_repr": "Pausa para caf\u00e9", "object_id": "6", "change_message": "Foi modificado time.", "user": 1, "content_type": 21}}, {"pk": 51, "model": "admin.logentry", "fields": {"action_flag": 2, "action_time": "2013-06-24T17:30:16", "object_repr": "Computa\u00e7\u00e3o M\u00f3vel e Ub\u00edqua 1", "object_id": "5", "change_message": "Foi modificado time.", "user": 1, "content_type": 21}}, {"pk": 52, "model": "admin.logentry", "fields": {"action_flag": 2, "action_time": "2013-06-24T17:30:48", "object_repr": "Abertura+Sess\u00e3o Turing", "object_id": "2", "change_message": "Foi modificado duration.", "user": 1, "content_type": 21}}, {"pk": 53, "model": "admin.logentry", "fields": {"action_flag": 2, "action_time": "2013-06-24T17:30:59", "object_repr": "Almo\u00e7o+Registo", "object_id": "1", "change_message": "Foi modificado time.", "user": 1, "content_type": 21}}, {"pk": 54, "model": "admin.logentry", "fields": {"action_flag": 3, "action_time": "2013-06-24T17:31:37", "object_repr": "Pausa para caf\u00e9", "object_id": "22", "change_message": "", "user": 1, "content_type": 21}}, {"pk": 55, "model": "admin.logentry", "fields": {"action_flag": 3, "action_time": "2013-06-24T17:31:37", "object_repr": "Almo\u00e7o", "object_id": "17", "change_message": "", "user": 1, "content_type": 21}}, {"pk": 56, "model": "admin.logentry", "fields": {"action_flag": 3, "action_time": "2013-06-24T17:31:37", "object_repr": "Pausa para caf\u00e9", "object_id": "13", "change_message": "", "user": 1, "content_type": 21}}, {"pk": 57, "model": "admin.logentry", "fields": {"action_flag": 3, "action_time": "2013-06-24T17:31:37", "object_repr": "Jantar", "object_id": "11", "change_message": "", "user": 1, "content_type": 21}}, {"pk": 58, "model": "admin.logentry", "fields": {"action_flag": 3, "action_time": "2013-06-24T17:31:37", "object_repr": "Reuni\u00e3o", "object_id": "10", "change_message": "", "user": 1, "content_type": 21}}, {"pk": 59, "model": "admin.logentry", "fields": {"action_flag": 3, "action_time": "2013-06-24T17:31:37", "object_repr": "Pausa para caf\u00e9", "object_id": "6", "change_message": "", "user": 1, "content_type": 21}}, {"pk": 60, "model": "admin.logentry", "fields": {"action_flag": 3, "action_time": "2013-06-24T17:31:37", "object_repr": "Almo\u00e7o+Registo", "object_id": "1", "change_message": "", "user": 1, "content_type": 21}}, {"pk": 61, "model": "admin.logentry", "fields": {"action_flag": 1, "action_time": "2013-06-24T17:32:06", "object_repr": "Almo\u00e7o+Registo", "object_id": "29", "change_message": "", "user": 1, "content_type": 26}}, {"pk": 62, "model": "admin.logentry", "fields": {"action_flag": 1, "action_time": "2013-06-24T17:32:28", "object_repr": "Pausa para caf\u00e9", "object_id": "30", "change_message": "", "user": 1, "content_type": 26}}, {"pk": 63, "model": "admin.logentry", "fields": {"action_flag": 1, "action_time": "2013-06-24T17:32:45", "object_repr": "Reuni\u00e3o", "object_id": "31", "change_message": "", "user": 1, "content_type": 26}}, {"pk": 64, "model": "admin.logentry", "fields": {"action_flag": 1, "action_time": "2013-06-24T17:33:10", "object_repr": "Jantar", "object_id": "32", "change_message": "", "user": 1, "content_type": 26}}, {"pk": 65, "model": "admin.logentry", "fields": {"action_flag": 1, "action_time": "2013-06-24T17:33:33", "object_repr": "Pausa para caf\u00e9", "object_id": "33", "change_message": "", "user": 1, "content_type": 26}}, {"pk": 66, "model": "admin.logentry", "fields": {"action_flag": 1, "action_time": "2013-06-24T17:33:49", "object_repr": "Almo\u00e7o", "object_id": "34", "change_message": "", "user": 1, "content_type": 26}}, {"pk": 67, "model": "admin.logentry", "fields": {"action_flag": 1, "action_time": "2013-06-24T17:34:07", "object_repr": "Pausa para caf\u00e9", "object_id": "35", "change_message": "", "user": 1, "content_type": 26}}, {"pk": 68, "model": "admin.logentry", "fields": {"action_flag": 2, "action_time": "2013-06-24T17:47:41", "object_repr": "Jo\u00e3o Seco", "object_id": "joao.seco@fct.unl.pt", "change_message": "Foi modificado name.", "user": 1, "content_type": 31}}, {"pk": 69, "model": "admin.logentry", "fields": {"action_flag": 2, "action_time": "2013-06-24T18:01:46", "object_repr": "Desenho e Implementa\u00e7\u00e3o de uma Biblioteca de Padr\u00f5es Algor\u00edtmicos para GPGPU", "object_id": "Desenho e Implementa\u00e7\u00e3o de uma Biblioteca de Padr\u00f5es Algor\u00edtmicos para GPGPU", "change_message": "Foi modificado abstract.", "user": 1, "content_type": 28}}, {"pk": "joaolourenco", "model": "server.participant", "fields": {"phone_number": 123456789, "hash": "", "name": "Jo\u00e3o Louren\u00e7o", "contacts": [], "country": "Portugal", "facebook_url": "", "last_modified_date": "2013-06-21T15:28:38", "linkedin_url": "", "device": null, "contact": 4, "user": 4, "photo": "user_photo/jml.png", "qrcode": "qrcodes/QR_joaolourenco.jpg", "work_place": "FCT", "email": "j.lourenco@fct.unl.pt"}}, {"pk": "joseandrade", "model": "server.participant", "fields": {"phone_number": 123456789, "hash": "", "name": "Jos\u00e9 Andrade", "contacts": [1, 6], "country": "Portugal", "facebook_url": "http://www.facebook.com", "last_modified_date": "2013-06-23T17:13:03", "linkedin_url": "http://www.linkedin.com", "device": 1, "contact": 1, "user": 2, "photo": "user_photo/15094629-buddhist-monk-cartoon--vector.jpg", "qrcode": "qrcodes/QR_joseandrade.jpg", "work_place": "FCT", "email": "joseandrade@emails.com"}}, {"pk": "luisjorge", "model": "server.participant", "fields": {"phone_number": 123456789, "hash": "", "name": "Luis Jorge", "contacts": [], "country": "Portugal", "facebook_url": "", "last_modified_date": "2013-06-21T15:28:27", "linkedin_url": "", "device": null, "contact": 2, "user": 3, "photo": "user_photo/people1_2.png", "qrcode": "qrcodes/QR_luisjorge_2.jpg", "work_place": "FCT", "email": "luisjorge@testes.com"}}, {"pk": "teste", "model": "server.participant", "fields": {"phone_number": 123456789, "hash": "", "name": "teste", "contacts": [1], "country": "teste", "facebook_url": "", "last_modified_date": "2013-06-21T15:30:35", "linkedin_url": "", "device": null, "contact": 6, "user": 5, "photo": "user_photo/images_2.jpg", "qrcode": "qrcodes/QR_teste_1.jpg", "work_place": "teste", "email": "teste@teste.com"}}]